{"name":"t:sections.footer.name","type":"footer","sections":{"footer":{"type":"footer","blocks":{"2eec916e-bb1d-4318-a823-9b4fc551de8f":{"type":"text","settings":{"heading":"Sophia Skims","subtext":"<p>It is a long established fact that a reader will be distracted by the readable content of a page distribution.<\/p>"}},"3119c2d8-3158-49dc-b2e1-f9b869132ff2":{"type":"link_list","settings":{"heading":"Quick links","menu":"quick-links"}},"e26458dc-4467-409a-9efe-111fc3098ddf":{"type":"link_list","settings":{"heading":"Customer Services","menu":"customer-services"}},"98d9abb7-58cf-4f65-b61c-f5582bd50bc8":{"type":"text","settings":{"heading":"Customer Care","subtext":"<p><a href=\"tel:1234567890\" title=\"tel:1234567890\">1234567890<\/a><\/p><p><a href=\"mailto:info@sophiaskims.com\" title=\"mailto:info@sophiaskims.com\">info@sophiaskims.com<\/a><\/p>"}}},"block_order":["2eec916e-bb1d-4318-a823-9b4fc551de8f","3119c2d8-3158-49dc-b2e1-f9b869132ff2","e26458dc-4467-409a-9efe-111fc3098ddf","98d9abb7-58cf-4f65-b61c-f5582bd50bc8"],"settings":{"color_scheme":"background-1","newsletter_enable":false,"newsletter_heading":"Subscribe to our emails","enable_follow_on_shop":true,"show_social":true,"enable_country_selector":true,"enable_language_selector":true,"payment_enable":true,"show_policy":false,"margin_top":0,"padding_top":36,"padding_bottom":36}}},"order":["footer"]}