{"sections":{"main":{"type":"main-404","settings":{}},"collection-list":{"type":"collection--collection-list","blocks":{"collection-list-0":{"type":"featured_collection","settings":{"collection":"all"}},"collection-list-1":{"type":"featured_collection","settings":{"collection":"all"}},"collection-list-2":{"type":"featured_collection","settings":{"collection":"all"}}},"block_order":["collection-list-0","collection-list-1","collection-list-2"],"settings":{"title":"Continue shopping"}}},"order":["main","collection-list"]}