{"sections":{"main":{"type":"template--article","blocks":{"social-sharing":{"type":"social-sharing","settings":{"social_sharing_facebook":true,"social_sharing_twitter":true,"social_sharing_pinterest":true}}},"block_order":["social-sharing"],"settings":{"show_author_name":false,"show_dates":true,"blog-sidebar-link":"","blog_sidebar_title":"","blog_sidebar_desc":"","show_blog_tags":false,"show_recent_posts":false}},"image-with-text":{"type":"text--image-with-text","settings":{"colors":"white","image-width":"large","layout":"left","subheading":"","title":"Share brand or product details","text_block":"<p>Our blog is written by our incredible content team, along with our favourite influencers in the fashion world. Get to know more about the team, the company and what we're all about.<\/p>","button_link":"shopify:\/\/collections\/all","button_label":"Shop now","section_width":"container","padding_top":50,"padding_bottom":50}},"blog-posts":{"type":"blog--blog-posts","settings":{"colors":"light","subheading":"Subheading","post_limit":3,"show_author_name":false,"show_dates":true,"show_blog_images":true,"imageSize":"square","section_width":"container","padding_top":50,"padding_bottom":50}},"gallery":{"type":"image--gallery","blocks":{"image--gallery-0":{"type":"image","settings":{"link":"shopify:\/\/collections\/all"}},"image--gallery-1":{"type":"image","settings":{"link":"shopify:\/\/collections\/all"}},"image--gallery-2":{"type":"image","settings":{"link":"shopify:\/\/collections\/all"}},"image--gallery-3":{"type":"image","settings":{"link":"shopify:\/\/collections\/all"}}},"block_order":["image--gallery-0","image--gallery-1","image--gallery-2","image--gallery-3"],"settings":{"colors":"white","subheading":"","title":"Gallery","section_width":"container","padding_top":50,"padding_bottom":50}},"newsletter":{"type":"newsletter--newsletter","settings":{"colors":"light","subheading":"","title":"Join our mailing list","newsletter_description":"","section_width":"container","padding_top":50,"padding_bottom":50}}},"order":["main","image-with-text","blog-posts","gallery","newsletter"]}