{"sections":{"image-with-text-block":{"type":"image--image-with-text-block","settings":{"parallax":false,"text-color":"#656565","background-color":"#F3F3F3","horizontal-alignment":"center","subheading":"","title":"Inspire customers","text":"<p>Share your story. Talk about your brand.<\/p>","button_link":"","button_label":"","section_width":"full","padding_top":0,"padding_bottom":0}},"main":{"type":"template--blog","settings":{"blog_layout":"grid","blog-posts-per-page":6,"show_author_name":false,"show_dates":false,"blog-sidebar-link":"","blog_sidebar_title":"","blog_sidebar_desc":"","show_blog_tags":false,"show_recent_posts":false}},"image-with-text-00":{"type":"text--image-with-text","settings":{"colors":"light","image-width":"large","layout":"left","subheading":"","title":"Share brand or product details","text_block":"<p>Use this text to emphasise your brand’s unique selling points.<\/p>","button_link":"","button_label":"","section_width":"container","padding_top":50,"padding_bottom":50}},"image-with-text-01":{"type":"text--image-with-text","settings":{"colors":"white","image-width":"large","layout":"right","subheading":"","title":"Share brand or product details","text_block":"<p>Use this text to emphasise your brand’s unique selling points.<\/p>","button_link":"shopify:\/\/collections\/all","button_label":"Shop now","section_width":"container","padding_top":50,"padding_bottom":50}},"collection-list":{"type":"collection--collection-list","blocks":{"collection-list-0":{"type":"featured_collection","settings":{"collection":"all"}},"collection-list-1":{"type":"featured_collection","settings":{"collection":"all"}},"collection-list-2":{"type":"featured_collection","settings":{"collection":"all"}}},"block_order":["collection-list-0","collection-list-1","collection-list-2"],"settings":{"colors":"white","subheading":"","title":"","section_width":"container","padding_top":50,"padding_bottom":50}},"gallery":{"type":"image--gallery","blocks":{"gallery-0":{"type":"image","settings":{"link":"shopify:\/\/collections\/all","title":"","description":""}},"gallery-1":{"type":"image","settings":{"link":"shopify:\/\/collections\/all","title":"","description":""}},"gallery-2":{"type":"image","settings":{"link":"shopify:\/\/collections\/all","title":"","description":""}},"gallery-3":{"type":"image","settings":{"link":"shopify:\/\/collections\/all","title":"","description":""}}},"block_order":["gallery-0","gallery-1","gallery-2","gallery-3"],"settings":{"colors":"white","subheading":"","title":"Beautiful imagery","section_width":"container","padding_top":20,"padding_bottom":50}},"newsletter":{"type":"newsletter--newsletter","settings":{"colors":"light","subheading":"","title":"Join our mailing list","newsletter_description":"","section_width":"container","padding_top":50,"padding_bottom":50}}},"order":["image-with-text-block","main","image-with-text-00","image-with-text-01","collection-list","gallery","newsletter"]}