{"sections":{"main":{"type":"template--cart","settings":{}},"rich-text":{"type":"text--rich-text","settings":{"colors":"light","subheading":"","title":"Welcome to our store","text":"<p>Use this text to share information about your brand. Describe a product, show store announcements, or highlight promotions.<\/p>","button_link":"","button_label":"","section_width":"container-narrow","padding_top":12,"padding_bottom":14}},"featured-collection":{"type":"collection--featured-collection","blocks":{"grid-card-0":{"type":"grid-card-title","settings":{}},"grid-card-1":{"type":"grid-card-price","settings":{}},"grid-card-2":{"type":"grid-card-swatches","settings":{}},"grid_card_vendor_XXw6rQ":{"type":"grid-card-vendor","disabled":true,"settings":{}},"quick_view_w3nWbj":{"type":"quick-view","settings":{"quick-view-image-size":"square","discount-display":"hide","show_product_description":true,"show_variant_labels":true,"show_sold_out_variants":true,"show_dynamic_checkout_button":true,"enable_on_mobile":true}}},"block_order":["grid-card-0","grid-card-1","grid-card-2","grid_card_vendor_XXw6rQ","quick_view_w3nWbj"],"settings":{"colors":"white","subheading":"","title":"Featured collection","collection":"animals","columns":4,"rows":1,"product_limit":4,"show_view_all":false,"section_width":"container","padding_top":50,"padding_bottom":50}}},"order":["main","rich-text","featured-collection"]}