{"wrapper":"div.collection-main--wrapper","sections":{"collection_header":{"type":"template--collection-header","blocks":{"collection-title":{"type":"collection-title","settings":{}}},"block_order":["collection-title"],"disabled":true,"settings":{}},"image-with-text-block":{"type":"image--image-with-text-block","settings":{"parallax":true,"text-color":"#333333","background-color":"#ffffff","horizontal-alignment":"center","subheading":"","button_link":"shopify:\/\/collections\/all","button_label":"Shop now"}},"visual-navigation-banner":{"type":"visual-navigation-banner","blocks":{"visual-navigation-banner-0":{"type":"navigation_link","settings":{"link_text":"Navigation link"}},"visual-navigation-banner-1":{"type":"navigation_link","settings":{"link_text":"Navigation link"}},"visual-navigation-banner-2":{"type":"navigation_link","settings":{"link_text":"Navigation link"}},"visual-navigation-banner-3":{"type":"navigation_link","settings":{"link_text":"Navigation link"}},"visual-navigation-banner-4":{"type":"navigation_link","settings":{"link_text":"Navigation link"}},"visual-navigation-banner-5":{"type":"navigation_link","settings":{"link_text":"Navigation link"}}},"block_order":["visual-navigation-banner-0","visual-navigation-banner-1","visual-navigation-banner-2","visual-navigation-banner-3","visual-navigation-banner-4","visual-navigation-banner-5"],"settings":{"title":"","image_style":"circle"}},"gallery":{"type":"image--gallery","blocks":{"gallery-2":{"type":"image","settings":{"link":"shopify:\/\/collections\/all","title":"Beautiful imagery","description":"<p>Inspire customers<\/p>"}},"gallery-1":{"type":"image","settings":{"link":"shopify:\/\/collections\/all","title":"Beautiful imagery","description":"<p>Inspire customers<\/p>"}}},"block_order":["gallery-2","gallery-1"],"settings":{"colors":"white","subheading":"","title":""}},"collection-list":{"type":"collection--collection-list","blocks":{"collection-list-0":{"type":"featured_collection","settings":{}},"collection-list-2":{"type":"featured_collection","settings":{}},"collection-list-1":{"type":"featured_collection","settings":{}}},"block_order":["collection-list-0","collection-list-2","collection-list-1"],"settings":{"colors":"white","subheading":"","title":""}},"main":{"type":"template--collection","blocks":{"grid-card-title":{"type":"grid-card-title","settings":{}},"grid-card-price":{"type":"grid-card-price","settings":{}},"grid-card-swatches":{"type":"grid-card-swatches","settings":{}}},"block_order":["grid-card-title","grid-card-price","grid-card-swatches"],"disabled":true,"settings":{"grid":4,"rows":6,"pagination_type":"load_more"}},"video-with-text-overlay":{"type":"video--video-with-text-overlay","settings":{"desktopHeight":"450","textAlignment":"center","mobileHeight":"350","subheading":"","subheading--text-size":14,"title":"Bring your page to life","heading--text-size":50,"text":"","button_label":"Shop all","button_link":"shopify:\/\/collections\/all","textColor":"#ffffff","overlayOpacity":40}},"text-adverts":{"type":"text--text-adverts","blocks":{"text-adverts-0":{"type":"text","settings":{"icon":"truck","heading":"Free shipping","subheading":"Shout about your unique selling points","link":""}},"text-adverts-1":{"type":"text","settings":{"icon":"trending-up","heading":"Hassle free returns","subheading":"Shout about your unique selling points","link":""}},"text-adverts-2":{"type":"text","settings":{"icon":"smile","heading":"Eco friendly packaging","subheading":"Shout about your unique selling points","link":""}}},"block_order":["text-adverts-0","text-adverts-1","text-adverts-2"],"settings":{"colors":"light","alignment":"center","icon-size":"text-adverts__icon-size--medium"}}},"order":["collection_header","image-with-text-block","visual-navigation-banner","gallery","collection-list","main","video-with-text-overlay","text-adverts"]}