{"wrapper":"div.collection-main--wrapper","sections":{"collection_header":{"type":"template--collection-header","blocks":{"collection-title":{"type":"collection-title","settings":{}},"collection-description":{"type":"collection-description","settings":{}}},"block_order":["collection-title","collection-description"],"settings":{}},"main":{"type":"template--collection","blocks":{"grid-card-title":{"type":"grid-card-title","settings":{}},"grid-card-price":{"type":"grid-card-price","settings":{}},"grid-card-swatches":{"type":"grid-card-swatches","disabled":true,"settings":{}},"quick-view":{"type":"quick-view","settings":{"quick-view-image-size":"square","discount-display":"value","show_product_description":true,"show_variant_labels":true,"show_sold_out_variants":true,"show_dynamic_checkout_button":true,"enable_on_mobile":true}}},"block_order":["grid-card-title","grid-card-price","grid-card-swatches","quick-view"],"settings":{"grid":4,"rows":3,"pagination_type":"paged_navigation","desktop_position":"sidebar","enable_filtering":true,"enable_sorting":true,"collection-sidebar-link":"","collection-sidebar-title":"","collection-sidebar-richtext":"","collection-sidebar-menu_title":"","collection-sidebar-linklist":""}}},"order":["collection_header","main"]}