{"wrapper":"div.collection-main--wrapper","sections":{"collection_header":{"type":"template--collection-header","blocks":{"collection-title":{"type":"collection-title","settings":{}}},"block_order":["collection-title"],"settings":{}},"main":{"type":"template--collection","blocks":{"grid-card-title":{"type":"grid-card-title","settings":{}},"grid-card-price":{"type":"grid-card-price","settings":{}},"grid-card-swatches":{"type":"grid-card-swatches","settings":{}},"quick-view":{"type":"quick-view","settings":{"quick-view-image-size":"square","discount-display":"value","show_product_description":true,"show_variant_labels":true,"show_sold_out_variants":true,"show_dynamic_checkout_button":true,"enable_on_mobile":true}}},"block_order":["grid-card-title","grid-card-price","grid-card-swatches","quick-view"],"settings":{"grid":4,"rows":6,"pagination_type":"load_more"}},"video-with-text-overlay":{"type":"video--video-with-text-overlay","settings":{"desktopHeight":"450","textAlignment":"center","mobileHeight":"350","subheading":"","subheading--text-size":14,"title":"Bring your page to life","heading--text-size":50,"text":"","button_label":"Shop now","button_link":"shopify:\/\/collections\/all","textColor":"#ffffff","overlayOpacity":40}},"text-adverts":{"type":"text--text-adverts","blocks":{"text-adverts-0":{"type":"text","settings":{"icon":"truck","heading":"Free shipping","subheading":"Shout about your unique selling points","link":""}},"text-adverts-1":{"type":"text","settings":{"icon":"box","heading":"Hassle free returns","subheading":"Shout about your unique selling points","link":""}},"text-adverts-2":{"type":"text","settings":{"icon":"smile","heading":"Eco friendly packaging","subheading":"Shout about your unique selling points","link":""}}},"block_order":["text-adverts-0","text-adverts-1","text-adverts-2"],"settings":{"colors":"light"}}},"order":["collection_header","main","video-with-text-overlay","text-adverts"]}