{"sections":{"home_banner_aAycNr":{"type":"home-banner","settings":{"bg_img":"shopify:\/\/shop_images\/homebanner.png","title":"custom neon<br><span class=\"Art\">Art<\/span>","bt_title":"Create Your Own Text","bt_title_url":"shopify:\/\/products\/johnny-5-alive-customiser","bt_title_two":"Shop Our Catalog","bt_title_url_two":"shopify:\/\/pages\/shop-our-catalog","title_text":"Custom<br>  Designs<br> and <br> Logos","book_title":"BOOK NOW","book_title_url":"shopify:\/\/pages\/custom-neon-photos-and-logo","discount_text":"<h3>10<\/h3><span>%<br>OFF<\/span>","discount_sub_text":"first order!"}},"create_section_cjgP33":{"type":"create-section","blocks":{"list_DgfXkg":{"type":"list","settings":{"list_text":"Create Your Own Text","list_image":"shopify:\/\/shop_images\/CreateYourOwn_2_468x578_40cf4083-9940-4c23-bb19-43cef9ed5b95.jpg","list_url":"shopify:\/\/products\/johnny-5-alive-customiser"}},"list_CrizNB":{"type":"list","settings":{"list_text":"Custom Designs And Logos","list_image":"shopify:\/\/shop_images\/CustomLogoDesign_2_468x578_35eedd26-efb5-4028-be36-4a72fce8377a.jpg","list_url":"shopify:\/\/pages\/custom-neon-photos-and-logo"}},"list_kixmaX":{"type":"list","settings":{"list_text":"Shop Our Catlog","list_image":"shopify:\/\/shop_images\/OurCatalog_468x578_2_0c124579-4c88-4ae2-b422-1a8c1cd63f77.jpg","list_url":"shopify:\/\/pages\/shop-our-catalog"}}},"block_order":["list_DgfXkg","list_CrizNB","list_kixmaX"],"settings":{"bg_img":"shopify:\/\/shop_images\/cat-bg_1.jpg","title":"SHOP NOW"}},"art_section_NMf7ig":{"type":"Art-section","settings":{"title":"Transform Your Space<br>Into Something <br>Extraordinary!","discription":"<p>At Johnny's LED Factory, we are the real deal.  No middle men or women.  No drop shipping. Start to finish, design to production,  we are here! <\/p><p>Send us your idea, or your order from our ready to go store designs, and we will get to work on your custom piece.   <\/p>","image":"shopify:\/\/shop_images\/FootballPlayer-1.jpg"}},"best_seller_collection_section_qeFnhp":{"type":"best-seller-collection-section","settings":{"product_list":["shots-bar-neon-sign","8-ball","adrenaline-molecule","basketball-full-print-with-neon","basketball-neon","blue-moon","california-large","caffeine-molecule"],"img":"shopify:\/\/shop_images\/NoShirtNoPantsNoProblem.jpg","btn":"View more +","btn_url":"shopify:\/\/collections\/all","title":"Our Best Sellers","per_row":4,"limit":4}},"design_section_tzr9k7":{"type":"design-section","blocks":{"steps_CVW9We":{"type":"Steps","settings":{"title":"Write Your Own Text","image":"shopify:\/\/shop_images\/1.png"}},"steps_JQVNtn":{"type":"Steps","settings":{"title":"Choose Your Font","image":"shopify:\/\/shop_images\/2.png"}},"steps_txacFb":{"type":"Steps","settings":{"title":"Place Your Color","image":"shopify:\/\/shop_images\/3.png"}},"steps_GUqaKB":{"type":"Steps","settings":{"title":"Choose Your Size","image":"shopify:\/\/shop_images\/4.png"}},"steps_qCf7zT":{"type":"Steps","settings":{"title":"Checkout","image":"shopify:\/\/shop_images\/5.png"}}},"block_order":["steps_CVW9We","steps_JQVNtn","steps_txacFb","steps_GUqaKB","steps_qCf7zT"],"settings":{"bg_img":"shopify:\/\/shop_images\/Rectangle_38.png","title":"Design It Yourself","sub_title":"Design your custom TEXT neon in 2 minutes with our app.","btn_title":"CREATE YOUR OWN TEXT","btn_url":"shopify:\/\/products\/johnny-5-alive-customiser"}},"treding_now_section_qeDQM6":{"type":"Treding-now-section","blocks":{"collection_L3LfcA":{"type":"collection","settings":{"collection":"animals","per_row":4,"limit":4}},"collection_z6fi9A":{"type":"collection","settings":{"collection":"cities-and-states","per_row":4,"limit":4}},"collection_6cjRDx":{"type":"collection","settings":{"collection":"latin-flare","per_row":4,"limit":4}},"collection_F7pbMA":{"type":"collection","settings":{"collection":"our-best-sellers","per_row":4,"limit":4}},"collection_R4JwLx":{"type":"collection","settings":{"collection":"sports","per_row":4,"limit":4}}},"block_order":["collection_L3LfcA","collection_z6fi9A","collection_6cjRDx","collection_F7pbMA","collection_R4JwLx"],"settings":{"img":"shopify:\/\/shop_images\/Sugar-Skull-7.jpg","btn":"VIEW MORE +","btn_url":"shopify:\/\/pages\/all-collection","title":"Today's Featured Collection"}},"see_us_section_abYzre":{"type":"see-us-section","settings":{"title":"DO YOU LOVE THESE?","image_one":"shopify:\/\/shop_images\/JS_374x485_0b0f8878-6d3f-4bae-97df-5ab5c701c426.jpg","image_two":"shopify:\/\/shop_images\/Rectangle_52.png","image_three":"shopify:\/\/shop_images\/Tequila_279x468_254d2247-71e3-45e2-8bb4-1fedcd0cfa38.jpg","image_four":"shopify:\/\/shop_images\/JohnnysLED_FactorySign_468x578_1a12446a-4599-40d9-805b-7b4421a2daed.jpg","image_five":"shopify:\/\/shop_images\/RecSports_710x229_3ce3c86d-d19f-4739-b59a-59244734934a.jpg","image_six":"shopify:\/\/shop_images\/TheWorldIsYours_710x229_3f710161-4dd6-4c57-80db-f3fd7a58e0df.jpg","image_seven":"shopify:\/\/shop_images\/MudFlapGirls_473x710_0ba7987d-29b5-4425-9edb-51bd2e043bf3.jpg"}},"shop_custm_collection_4Cj7JY":{"type":"shop-custm-collection","blocks":{"collection_H698Rj":{"type":"collection","settings":{"collection":"our-best-sellers","per_row":4,"limit":4}},"collection_gxCn7k":{"type":"collection","settings":{"collection":"cities-and-states","per_row":4,"limit":4}},"collection_RgCcXg":{"type":"collection","settings":{"collection":"sports","per_row":4,"limit":6}},"collection_CtL3ej":{"type":"collection","settings":{"collection":"love-and-romance","per_row":4,"limit":4}},"collection_WQF6ee":{"type":"collection","settings":{"collection":"bar-signs","per_row":4,"limit":4}},"collection_dybktC":{"type":"collection","settings":{"collection":"shop-all","per_row":4,"limit":4}}},"block_order":["collection_H698Rj","collection_gxCn7k","collection_RgCcXg","collection_CtL3ej","collection_WQF6ee","collection_dybktC"],"settings":{"title":"Shop by Collection"}},"testimonial_section_dbtBkr":{"type":"testimonial-section","blocks":{"testimonial_list_YNdBe8":{"type":"Testimonial-list","settings":{"testimonial_title":"IT WAS A GREAT EXPERIENCE!!","desc":"Ordered a new neon sign for our gaming room, and it was awesome. Got the large gaming remote neon, arrived in about a week.","testi_img":"shopify:\/\/shop_images\/TestimonialPic1_82x82_b840d87d-cea4-4ac6-bab0-32040fdd52c2.png","testimonial_name":"Ivan Ly","testimonial_dis":"Houston, TX"}},"testimonial_list_D6Cyab":{"type":"Testimonial-list","settings":{"testimonial_title":"Pool Bar Paradise!","desc":"Love our new neon sign from Johnny's LED Factory. Look great and lights up our pool bar beautifully!","testi_img":"shopify:\/\/shop_images\/TestimonialPic2_82x82_3b12cc43-60b0-4fae-84dd-e237e011b8a9.png","testimonial_name":"Deanna Abel","testimonial_dis":"Bedford, IN"}},"testimonial_list_GJk4iY":{"type":"Testimonial-list","settings":{"testimonial_title":"Lets Do Some SHOTS!!","desc":"Love our new neon SHOTS! sign from Derek and Johnny's!! Perfect for our garage bar!  Let's do some SHOTS!!!!!!!!!","testi_img":"shopify:\/\/shop_images\/TestimonialPic3_82x82_707634e3-50ef-4ec3-8fb4-70fe28260ade.png","testimonial_name":"Chris Farano","testimonial_dis":"San Diego, CA"}}},"block_order":["testimonial_list_YNdBe8","testimonial_list_D6Cyab","testimonial_list_GJk4iY"],"settings":{"title":"Testimonials","video_title":"Tour of our facility.","video_img":"shopify:\/\/shop_images\/Group_21_1.png","video_url":"https:\/\/cdn.shopify.com\/videos\/c\/o\/v\/8dc34917cf9943b1bdd56aa48a8b8c86.mp4","bg_img":"shopify:\/\/shop_images\/Rectangle_58.png"}},"contact_us_home_section_RWJB4L":{"type":"contact-us-home-section","blocks":{"name_input_PEyM9Y":{"type":"name_input","settings":{"required":true,"input_width":"full"}},"custom_input_LELDgx":{"type":"custom_input","settings":{"input_label":"Last Name","required":true,"input_width":"full"}},"email_input_343rtN":{"type":"email_input","settings":{"required":true,"input_width":"full"}},"tel_input_tcRDmx":{"type":"tel_input","settings":{"required":false,"input_width":"full"}},"message_input_KwiCx8":{"type":"message_input","settings":{"required":true,"input_width":"full"}}},"block_order":["name_input_PEyM9Y","custom_input_LELDgx","email_input_343rtN","tel_input_tcRDmx","message_input_KwiCx8"],"settings":{"discription":"<p>We're just one click away, contact us to get started on your custom piece today.<br\/> Fill in the form to share more details about your project. <\/p>","title":"We’d love to talk.","call_title":"","call_url":"tel:1 (812) 276-7956","form_title":"Contact Us"}},"newsletter_our_eyDDmK":{"type":"newsletter-our","settings":{"img":"shopify:\/\/shop_images\/JoinUsAndMakeYourMark_712x460_c142ee13-0414-4550-85fa-36ff0ed7a4d1.jpg","back_img":"shopify:\/\/shop_images\/news_background.jpg","text":"Join our email news, and enjoy 10% off your next purchase!"}},"newsletter_newsletter_zXh7YA":{"type":"newsletter--newsletter","disabled":true,"settings":{"colors":"light","subheading":"","img":"shopify:\/\/shop_images\/Rectangle_37.png","back_img":"shopify:\/\/shop_images\/news_background.jpg","text":"10% discount code on your next purchase for<br>signing up for our email marketing.","title":"JOIN US &","newsletter_description":"<p>Join our mailing list and be the first to hear about new collections, fresh collaborations and all of our events.<\/p>","section_width":"container","padding_top":50,"padding_bottom":50}},"trending_now_products_GJNXUx":{"type":"trending-now-products","settings":{"product_list":["shots-bar-neon-sign","8-ball","adrenaline-molecule","amsterdam-with-windmill","basketball-full-print-with-neon","burning-skull","cactus-neon","caffeine-molecule","california-large"],"img":"shopify:\/\/shop_images\/TrendingNow_500x651_6ae7f8af-3e85-44aa-9f3c-f7ad6be6949d.jpg","btn":"VIEW MORE+","btn_url":"shopify:\/\/collections\/all","title":"Trending Now","per_row":4,"limit":4}}},"order":["home_banner_aAycNr","create_section_cjgP33","art_section_NMf7ig","best_seller_collection_section_qeFnhp","design_section_tzr9k7","treding_now_section_qeDQM6","see_us_section_abYzre","shop_custm_collection_4Cj7JY","testimonial_section_dbtBkr","contact_us_home_section_RWJB4L","newsletter_our_eyDDmK","newsletter_newsletter_zXh7YA","trending_now_products_GJNXUx"]}