{"sections":{"main":{"type":"template--collections-list","blocks":{"grid-card-title":{"type":"grid-card-title","settings":{}},"grid-card-price":{"type":"grid-card-price","disabled":true,"settings":{}},"grid-card-swatches":{"type":"grid-card-swatches","settings":{}},"quick-view":{"type":"quick-view","disabled":true,"settings":{"quick-view-image-size":"square","discount-display":"hide","show_product_description":true,"show_variant_labels":true,"show_sold_out_variants":true,"show_dynamic_checkout_button":true,"enable_on_mobile":true}}},"block_order":["grid-card-title","grid-card-price","grid-card-swatches","quick-view"],"settings":{"images-per-row":4,"collections_per_page":24,"layout":"preview"}}},"order":["main"]}