{"sections":{"main":{"type":"template--page","disabled":true,"settings":{}},"about_banner_section_9kJpHY":{"type":"about-banner-section","settings":{"bg_img":"shopify:\/\/shop_images\/background_about.png","title":"About Johnny’s Led factory","img_one":"shopify:\/\/shop_images\/JohnnysLED_FactorySign_202x282_277b7302-e7f6-40bd-b3ce-f40921fbe40f.jpg","img_two":"shopify:\/\/shop_images\/DerekComputer_282x202_f6aefd99-993d-4ebc-acb7-05272e8d739f.jpg","discription":"<p>Welcome to Johnny's LED Factory where creativity meets craftsmanship to illuminate your world. As a pioneering neon manufacturing company, we pride ourselves on pushing the boundaries of illumination, transforming spaces with vibrant, captivating neon creations.<\/p><p>At Johnny's LED Factory we believe that every space has the potential to become a canvas for expression, a stage for storytelling, and a beacon of individuality. With this ethos at our core, we embark on a journey to redefine the art of illumination, one neon sign at a time.<\/p><p><\/p><p><\/p>"}},"about_our_story_section_wMMUVb":{"type":"about-our-story-section","settings":{"sub_title":"About Us","title":"Our Story","discription":"<p>In the heart of a small town, nestled between forests and corn fields, stands a sign shop unlike any other. Since 1938, Johnny's Signs has been a beacon of tradition, Yet, despite its age, this shop is not content to dwell in the past. Under the guidance of its spirited owner Derek Stutz, acquiring this cherished institution from Bob Fiddler in 2023,  it embraces the winds of change, evolving to meet the demands of a modern world. <\/p><p>Johnny's Signs,and now also Johnny's LED Factory--are committed to new age products and services, blending the timeless art of sign making with cutting-edge technology. From LED neon signs that illuminate the night sky to digital displays that captivate passersby, the shop remains at the forefront of innovation, while still preserving the warmth and charm of days gone by. As customers young and old flock to its doors, they're not just greeted by a sign shop—they're welcomed into a living legacy, where tradition and progress dance hand in hand, creating a story as heartwarming as the glow of neon itself.<\/p>","img_one":"shopify:\/\/shop_images\/JohnnysOldPic.jpg","img_two":"shopify:\/\/shop_images\/JohnnysLED_FactorySign_202x282_277b7302-e7f6-40bd-b3ce-f40921fbe40f.jpg","img_three":"shopify:\/\/shop_images\/JS_Neon_Logo.png"}},"about_image_with_text_GYXiEY":{"type":"about-image-with-text","settings":{"img":"shopify:\/\/shop_images\/JustDoYou.jpg","title":"Be yourself","discription":"<p>Neon artwork serves as a captivating reflection of the self, offering a vibrant canvas to express individuality, personality, and style. With its bold colors and distinctive glow, neon allows one to convey their unique essence and personal narrative in a visually stunning manner.  <\/p><p>At Johnny's LED Factory, we can help you, do you!<\/p>"}},"text_with_image_8e9dFG":{"type":"text-with-image","settings":{"title":"Custom Design","discription":"<p>At Johnny's LED Factory, crafting awesome Neon LED signs is both an art and a science, where creativity meets precision engineering. Our process begins with a spark of imagination, as we collaborate closely with our clients to understand their vision and bring it to life. From there, our skilled artisans meticulously design and handcraft each sign with expert craftsmanship, ensuring that every curve, color, and detail is executed to perfection. We combine traditional neon techniques with cutting-edge LED technology, allowing us to achieve stunning visual effects while maintaining energy efficiency and durability. <\/p>","img":"shopify:\/\/shop_images\/SaleSign.jpg"}},"mission_vission_sec_DLNWm3":{"type":"mission-vission-sec","blocks":{"list_9ifwLj":{"type":"List","settings":{"title":"Our Mission","discription":"<p>Our mission at Johnny's LED Factory is to infuse life and character into spaces through innovative neon designs. We strive to inspire creativity, spark conversations, and evoke emotions with our captivating creations. Whether it's a bustling city street, a cozy cafe, or a chic boutique, we aim to enhance environments and leave a lasting impression.<\/p>","img":"shopify:\/\/shop_images\/JS_Neon_Logo_0fb7f294-ad37-4e15-9e28-48bc31d161f1.png"}},"list_WWLB68":{"type":"List","settings":{"title":"Our Vision","discription":"<p>We envision a world where neon is not just a source of light, but a symbol of expression, personality, and style. Through our commitment to excellence and innovation, we aspire to be the leading authority in the neon industry, continuously pushing boundaries and setting new standards for quality and creativity.<\/p>","img":"shopify:\/\/shop_images\/Greystone_174x174_46a057ae-46ee-4961-b4f1-d0b9956beaa1.png"}},"list_hTntXJ":{"type":"List","settings":{"title":"Come And Join Us","discription":"<p>Whether you're a business owner looking to make a statement, an event planner seeking to create unforgettable moments, or an individual wanting to add a touch of personality to your space, Johnny's  LED Factory is here to bring your vision to life. Join us in illuminating the world with creativity, passion, and the mesmerizing glow of neon.<\/p><p>Illuminate your world with Johnny's LED Factory. Let's create something extraordinary together.<\/p>","img":"shopify:\/\/shop_images\/LED_Factory_174x174_2dc05a0c-4da3-4f6c-b217-feb1c3cd597c.png"}}},"block_order":["list_9ifwLj","list_WWLB68","list_hTntXJ"],"settings":{}},"about_image_with_text_TzkADP":{"type":"about-image-with-text","settings":{"img":"shopify:\/\/shop_images\/374x485_YogaStudio.jpg","title":"INNOVATION AND CUSOMIZATION","discription":"<p> At the forefront of customization and innovation, Johnny's LED Factory redefines the art of illumination. With a relentless pursuit of pushing boundaries and embracing cutting-edge technology, we transform visions into reality with unparalleled creativity and precision. From intricate designs to bespoke creations, we offer a limitless array of customization options to suit every taste and need. Our commitment to innovation drives us to constantly explore new techniques and materials, ensuring that each piece  is a reflection of our craftsmanship and ingenuity. With our dedication to staying ahead of the curve, we illuminate the world with brilliance, one custom neon LED creation at a time.<\/p>"}},"text_with_image_UJdQrN":{"type":"text-with-image","settings":{"title":"art for all walks","discription":"<p>Neon art transcends barriers of age, background, and expertise, making it accessible and inclusive for all. Whether you're a seasoned artist honing your craft or a novice exploring your creativity, neon offers a vibrant canvas for self-expression. Its mesmerizing glow and limitless possibilities inspire people from all walks of life to experiment, innovate, and share their unique perspectives with the world. From professional installations to DIY projects, neon art welcomes participation from everyone, fostering a diverse community united by a love for luminous beauty and boundless imagination.<\/p>","img":"shopify:\/\/shop_images\/YourArt.jpg"}}},"order":["main","about_banner_section_9kJpHY","about_our_story_section_wMMUVb","about_image_with_text_GYXiEY","text_with_image_8e9dFG","mission_vission_sec_DLNWm3","about_image_with_text_TzkADP","text_with_image_UJdQrN"]}