{"sections":{"contact-form":{"type":"template--contact-form","blocks":{"name_input":{"type":"name_input","settings":{"required":true,"input_width":"partial"}},"custom_input-1":{"type":"custom_input","settings":{"input_label":"Last Name","required":true,"input_width":"partial"}},"email_input":{"type":"email_input","settings":{"required":true,"input_width":"partial"}},"tel_input":{"type":"tel_input","settings":{"required":false,"input_width":"partial"}},"message_input":{"type":"message_input","settings":{"required":true,"input_width":"full"}}},"block_order":["name_input","custom_input-1","email_input","tel_input","message_input"],"settings":{"section_color_scheme":"light","contact-bg":"shopify:\/\/shop_images\/Rectangle_71.png","contact-title":"Contact <br>Johnny’s Led <br>\nFactory","img_one":"shopify:\/\/shop_images\/DerekComputer_399x324_a6f030d4-4ed4-4808-8d09-baf0e8d1a325.jpg","img_two":"shopify:\/\/shop_images\/Receptionist_399x324_12066e8a-7baa-450a-8cfc-3db6a462ba85.jpg","bg_img":"shopify:\/\/shop_images\/Rectangle_179.png","request_faq":"<p>We’re here to answer any questions or comments you may have! You can also take a look at our <a href=\"\/pages\/faq\" title=\"FAQ\">FAQs<\/a> to see if your question already has an answer!<\/p>","request_title":"Request a Custom Design","request_sub_dis":"<p>If you have a custom logo or image design, please click the button below, fill out the form, and our team will get back to you within 12-24 hours with a FREE design and a quote! <\/p>","request_btn_title":"Custom Logos and Design{{ page.title }}","request_btn_url":"shopify:\/\/pages\/upload-your-logo","section_subheading":"If you need us to assist with your order, fill out below contact form and we will try our best to get back to you within 12-24 hours.","section_heading":"Help with an order!","contact_email":"derek@johnnysledfactory.com","contact_email_url":"mailto:derek@johnnysledfactory.com","section_width":"container-narrow","padding_top":50,"padding_bottom":50}},"main":{"type":"template--page","disabled":true,"settings":{}}},"order":["contact-form","main"]}