{"sections":{"main":{"type":"template--page","disabled":true,"settings":{}},"1709068931b9063d67":{"type":"apps","blocks":{"neon_sign_customiser_neon_customiser_MeTFHF":{"type":"shopify:\/\/apps\/neon-sign-customiser\/blocks\/neon-customiser\/29c3b558-f454-440f-b53e-26c5e867a515","settings":{"customiser_id":"3227","scroll_order":false,"height":100,"height_reduction":0,"height_reduction_mobile":0,"price_box_options":"bottom","rtl":false}}},"block_order":["neon_sign_customiser_neon_customiser_MeTFHF"],"settings":{"include_margins":true}}},"order":["main","1709068931b9063d67"]}