{"sections":{"image-with-text-block":{"type":"image--image-with-text-block","settings":{"parallax":false,"text-color":"#525252","background-color":"#F2F2F2","horizontal-alignment":"left","subheading":"","title":"Big, beautiful imagery","button_link":"","button_label":"","section_width":"full","padding_top":0,"padding_bottom":0}},"main":{"type":"template--page","settings":{}},"gallery":{"type":"image--gallery","blocks":{"gallery-1":{"type":"image","settings":{"link":"","title":"","description":""}},"gallery-0":{"type":"image","settings":{"link":"","title":"","description":""}}},"block_order":["gallery-1","gallery-0"],"settings":{"colors":"white","subheading":"","title":"","section_width":"container","padding_top":50,"padding_bottom":50}},"gallery-1":{"type":"image--gallery","blocks":{"gallery-0":{"type":"image","settings":{"link":"","title":"","description":""}},"gallery-1":{"type":"image","settings":{"link":"","title":"","description":""}},"gallery-2":{"type":"image","settings":{"link":"","title":"","description":""}}},"block_order":["gallery-0","gallery-1","gallery-2"],"settings":{"colors":"white","subheading":"","title":"","section_width":"container","padding_top":20,"padding_bottom":20}},"image":{"type":"image--image","settings":{"parallax":true,"hero_size":"large","section_width":"full","padding_top":50,"padding_bottom":50}},"gallery-2":{"type":"image--gallery","blocks":{"gallery-1":{"type":"image","settings":{"link":"","title":"","description":""}},"gallery-0":{"type":"image","settings":{"link":"","title":"","description":""}}},"block_order":["gallery-1","gallery-0"],"settings":{"colors":"white","subheading":"","title":"","section_width":"container","padding_top":20,"padding_bottom":50}},"gallery-3":{"type":"image--gallery","blocks":{"gallery-0":{"type":"image","settings":{"link":"","title":"","description":""}},"gallery-1":{"type":"image","settings":{"link":"","title":"","description":""}},"gallery-2":{"type":"image","settings":{"link":"","title":"","description":""}}},"block_order":["gallery-0","gallery-1","gallery-2"],"settings":{"colors":"white","subheading":"","title":"","section_width":"container","padding_top":20,"padding_bottom":20}},"gallery-4":{"type":"image--gallery","blocks":{"gallery-0":{"type":"image","settings":{"link":"","title":"","description":""}}},"block_order":["gallery-0"],"settings":{"colors":"white","subheading":"","title":"","section_width":"container","padding_top":50,"padding_bottom":50}},"slideshow":{"type":"image--slideshow","blocks":{"slide-0":{"type":"slide","settings":{"subheading":"","title":"","text":"","enlarge-text":false,"button_1_label":"","button_1_link":"","button_2_label":"","button_2_link":"","button_3_label":"","button_3_link":"","caption-background":"rgba(0,0,0,0)","caption-text":"#ffffff","button-text":"#ffffff","button-background":"#000000","button-background-hover":"#797979","horizontal-alignment":"left","text-alignment":"left","vertical-alignment":"middle"}},"slide-1":{"type":"slide","settings":{"subheading":"","title":"","text":"","enlarge-text":false,"button_1_label":"","button_1_link":"","button_2_label":"","button_2_link":"","button_3_label":"","button_3_link":"","caption-background":"rgba(0,0,0,0)","caption-text":"#ffffff","button-text":"#ffffff","button-background":"#000000","button-background-hover":"#797979","horizontal-alignment":"left","text-alignment":"left","vertical-alignment":"middle"}},"slide-2":{"type":"slide","settings":{"subheading":"","title":"","text":"","enlarge-text":false,"button_1_label":"","button_1_link":"","button_2_label":"","button_2_link":"","button_3_label":"","button_3_link":"","caption-background":"rgba(0,0,0,0)","caption-text":"#ffffff","button-text":"#ffffff","button-background":"#000000","button-background-hover":"#797979","horizontal-alignment":"left","text-alignment":"left","vertical-alignment":"middle"}}},"block_order":["slide-0","slide-1","slide-2"],"settings":{"slider-animation":"slide","slider-slide-time":5,"caption-heading-size":50,"slideshow-height":"slideshow--fixed-height","slideshow--desktop-fixed-height":600,"slideshow--mobile-fixed-height":600,"show-slide-dots":true,"show-slide-arrows":true,"show-slide-controls":false,"slider-navigation--color":"#ffffff","overlay":true,"section_width":"full","padding_top":0,"padding_bottom":0}},"gallery-5":{"type":"image--gallery","blocks":{"gallery-0":{"type":"image","settings":{"link":"","title":"","description":""}},"gallery-1":{"type":"image","settings":{"link":"","title":"","description":""}},"gallery-2":{"type":"image","settings":{"link":"","title":"","description":""}}},"block_order":["gallery-0","gallery-1","gallery-2"],"settings":{"colors":"white","subheading":"","title":"","section_width":"container","padding_top":50,"padding_bottom":20}},"gallery-6":{"type":"image--gallery","blocks":{"gallery-1":{"type":"image","settings":{"link":"","title":"","description":""}},"gallery-2":{"type":"image","settings":{"link":"","title":"","description":""}}},"block_order":["gallery-1","gallery-2"],"settings":{"colors":"white","subheading":"","title":"","section_width":"container","padding_top":30,"padding_bottom":30}},"shop-the-look":{"type":"product--shop-the-look","blocks":{"look-0":{"type":"product","settings":{"top":46,"left":30}},"look-1":{"type":"product","settings":{"top":63,"left":51}}},"block_order":["look-0","look-1"],"settings":{"colors":"white","subheading":"","title":"SHOP THE LOOK","image__position":"image--left","hotspot__color":"#ffffff","stl__heading":"","description__position":"below-products","link":"shopify:\/\/collections\/all","button__text":"SHOP ALL","section_width":"container","padding_top":50,"padding_bottom":50}},"newsletter":{"type":"newsletter--newsletter","settings":{"colors":"light","subheading":"","title":"Join our mailing list","newsletter_description":"","section_width":"container","padding_top":50,"padding_bottom":50}}},"order":["image-with-text-block","main","gallery","gallery-1","image","gallery-2","gallery-3","gallery-4","slideshow","gallery-5","gallery-6","shop-the-look","newsletter"]}