{"sections":{"main":{"type":"template--product","blocks":{"product-title":{"type":"product-title","settings":{}},"product-price":{"type":"product-price","settings":{"show_discount":"hide","tax_included":true,"shipping_policy":true}},"product-options":{"type":"product-options","settings":{"show_variant_labels":true,"hide_out_of_stock":false}},"quantity-selector":{"type":"quantity-selector","settings":{}},"payment-buttons":{"type":"payment-buttons","settings":{"show_smart_checkout":true,"enable_gift_card_recipient_form":true}}},"block_order":["product-title","product-price","product-options","quantity-selector","payment-buttons"],"settings":{"show_out_of_stock_email":true,"form_position":"below-payment-buttons","size_guide_message":"What's my size?","size_guide_variant":"Size","image_size":"medium","thumbnail_position":"below","enable_zoom":true,"enable_video_loop":false}},"product-description":{"type":"template--product-description","settings":{}},"product-recommendations":{"type":"template--product--recommendations","settings":{"show_product_recommendations":true,"product_recommendations_heading":"You may also like"}},"newsletter":{"type":"newsletter--newsletter","settings":{"colors":"light","subheading":"","title":"Join our mailing list","newsletter_description":"","section_width":"container","padding_top":50,"padding_bottom":50}}},"order":["main","product-description","product-recommendations","newsletter"]}