{"sections":{"main":{"type":"template--product","blocks":{"product-title":{"type":"product-title","settings":{}},"product-price":{"type":"product-price","settings":{"show_discount":"hide","tax_included":false,"shipping_policy":false}},"product-options":{"type":"product-options","settings":{"show_variant_labels":true,"hide_out_of_stock":false}},"linked-products":{"type":"linked-products","settings":{"option_name":"Color","linked_products":[],"swatches_size":"small","swatches_aspect_ratio":"square"}},"stock-level-indicator":{"type":"stock-level-indicator","settings":{"stock-level-indicator-style":"bar","bar-indicator-color":"text","stock_indicator_animation":true,"stock-range":20,"show-stock-count":true,"stock-level-notice":"always","in-stock-message":"In stock","low-stock-message":"Selling fast","out-of-stock-message":"Back in soon!"}},"quantity-selector":{"type":"quantity-selector","settings":{}},"payment-buttons":{"type":"payment-buttons","settings":{"show_smart_checkout":true,"enable_gift_card_recipient_form":true}},"local-pickup":{"type":"local-pickup","settings":{}},"collapsible-tab-0":{"type":"collapsible-tab","settings":{"icon":"truck","heading":"Collapsible tab","open_close_icon":"caret","text":"<p>Share some information about your product<\/p>","page":""}},"collapsible-tab-1":{"type":"collapsible-tab","settings":{"icon":"clock","heading":"Collapsible tab","open_close_icon":"caret","text":"<p>Share some information about your product<\/p>","page":""}},"collapsible-tab-2":{"type":"collapsible-tab","settings":{"icon":"recycle","heading":"Collapsible tab","open_close_icon":"caret","text":"<p>Share some information about your product<\/p>","page":""}},"collapsible-tab-3":{"type":"collapsible-tab","settings":{"icon":"heart","heading":"Collapsible tab","open_close_icon":"caret","text":"<p>Share some information about your product<\/p>","page":""}},"cross-sells":{"type":"cross-sells","settings":{"title":"Complete the look","cross_sell_product_1":"","cross_sell_product_2":"","cross_sell_product_3":"","cross_sell_bg":"#f9f9f9"}}},"block_order":["product-title","product-price","product-options","linked-products","stock-level-indicator","quantity-selector","payment-buttons","local-pickup","collapsible-tab-0","collapsible-tab-1","collapsible-tab-2","collapsible-tab-3","cross-sells"],"settings":{"show_out_of_stock_email":true,"form_position":"below-payment-buttons","size_guide_link":"","size_guide_message":"What's my size?","size_guide_variant":"Size","image_size":"medium","thumbnail_position":"below","enable_zoom":true,"enable_video_loop":false}},"product-description":{"type":"template--product-description","settings":{}},"image-with-text-block":{"type":"image--image-with-text-block","settings":{"parallax":false,"text-color":"#636363","background-color":"#ffffff","horizontal-alignment":"center","subheading":"","text":"Here's your chance to make a great first impression","button_link":"","button_label":"","section_width":"full","padding_top":0,"padding_bottom":0}},"rich-text":{"type":"text--rich-text","settings":{"colors":"light","subheading":"","title":"Inspire customers","text":"<p>Use this text block to show store announcements, advertise products and collections, or simply welcome visitors to your store.<\/p>","button_link":"","button_label":"","section_width":"container-narrow","padding_top":50,"padding_bottom":50}},"image-with-text":{"type":"text--image-with-text","settings":{"colors":"white","image-width":"extra-large","layout":"left","subheading":"","title":"Share brand or product details","text_block":"<p>Pair large text with an image to give focus to your chosen product, collection, or blog post. Add details on availability, style, or even provide a review.<\/p>","button_link":"","button_label":"","section_width":"container","padding_top":50,"padding_bottom":50}},"image-with-text-1":{"type":"text--image-with-text","settings":{"colors":"white","image-width":"extra-large","layout":"right","subheading":"","title":"Share brand or product details","text_block":"<p>Pair large text with an image to give focus to your chosen product, collection, or blog post. Add details on availability, style, or even provide a review.<\/p>","button_link":"","button_label":"","section_width":"container","padding_top":50,"padding_bottom":50}},"apps":{"type":"apps","blocks":{"neon_sign_customiser_neon_customiser_CUThib":{"type":"shopify:\/\/apps\/neon-sign-customiser\/blocks\/neon-customiser\/29c3b558-f454-440f-b53e-26c5e867a515","settings":{"customiser_id":"","scroll_order":false,"height":100,"height_reduction":0,"height_reduction_mobile":0,"price_box_options":"bottom","rtl":false}}},"block_order":["neon_sign_customiser_neon_customiser_CUThib"],"settings":{"include_margins":true}},"featured-collection":{"type":"collection--featured-collection","blocks":{"featured-collection-0":{"type":"grid-card-title","settings":{}},"featured-collection-1":{"type":"grid-card-price","settings":{}},"featured-collection-2":{"type":"grid-card-swatches","settings":{}}},"block_order":["featured-collection-0","featured-collection-1","featured-collection-2"],"settings":{"colors":"white","subheading":"Subheading","title":"Featured collection","collection":"headwear","columns":4,"rows":1,"product_limit":4,"show_view_all":false,"section_width":"container","padding_top":50,"padding_bottom":50}},"blog-posts":{"type":"blog--blog-posts","settings":{"colors":"light","subheading":"Subheading","title":"From the blog","post_limit":3,"show_author_name":false,"show_dates":false,"show_blog_images":true,"imageSize":"square","section_width":"container","padding_top":50,"padding_bottom":50}},"product-recommendations":{"type":"template--product--recommendations","settings":{"show_product_recommendations":true,"product_recommendations_heading":"You may also like","quick_view_enabled":true,"quick-view-image-size":"square","discount-display":"hide","show_product_description":true,"show_variant_labels":true,"show_sold_out_variants":true,"show_dynamic_checkout_button":true,"enable_on_mobile":true}},"newsletter":{"type":"newsletter--newsletter","settings":{"colors":"light","subheading":"","text":"","title":"Join our mailing list","newsletter_description":"","section_width":"container","padding_top":50,"padding_bottom":50}}},"order":["main","product-description","image-with-text-block","rich-text","image-with-text","image-with-text-1","apps","featured-collection","blog-posts","product-recommendations","newsletter"]}