{"sections":{"main":{"type":"template--product","blocks":{"product-title":{"type":"product-title","settings":{}},"product-price":{"type":"product-price","settings":{"show_discount":"hide","tax_included":false,"shipping_policy":false}},"linked-products":{"type":"linked-products","settings":{"option_name":"Color","linked_products":[],"swatches_size":"small","swatches_aspect_ratio":"square"}},"product-options":{"type":"product-options","settings":{"show_variant_labels":true,"hide_out_of_stock":false}},"stock-level-indicator":{"type":"stock-level-indicator","settings":{"stock-level-indicator-style":"bar","bar-indicator-color":"text","stock_indicator_animation":true,"stock-range":20,"show-stock-count":true,"stock-level-notice":"always","in-stock-message":"In stock","low-stock-message":"Selling fast","out-of-stock-message":"Back in soon!"}},"payment-buttons":{"type":"payment-buttons","settings":{"show_smart_checkout":true,"enable_gift_card_recipient_form":true}},"text_with_icon_EHJJGf":{"type":"text-with-icon","settings":{"icon":"gift","text":"Free shipping","link":""}},"text_with_icon_4QUnXt":{"type":"text-with-icon","settings":{"icon":"clock","text":"1-Year Guarantee","link":""}},"text_with_icon_jpRw3k":{"type":"text-with-icon","settings":{"icon":"exchange","text":"Energy Efficient","link":""}},"product_description_block_gRGFax":{"type":"product-description-block","settings":{"collapsible_tab":false,"icon":"info","heading":"Description","open_close_icon":"caret"}},"collapsible-tab-0":{"type":"collapsible-tab","settings":{"icon":"none","heading":"At Johnny's LED Factory, Quality Craftmanship and Design are forefront.  All Johnny's LED Factory products are designed ,manufactured , packed and shipped under the same roof. All in house from start to finish.","open_close_icon":"plus_minus","text":"<p>All Johnny 's led factory product are designed ,manufactured , packed and shipped the same roof  period . All in house from start to finish.<\/p>","page":""}}},"block_order":["product-title","product-price","linked-products","product-options","stock-level-indicator","payment-buttons","text_with_icon_EHJJGf","text_with_icon_4QUnXt","text_with_icon_jpRw3k","product_description_block_gRGFax","collapsible-tab-0"],"settings":{"show_out_of_stock_email":true,"form_position":"below-payment-buttons","size_guide_link":"","size_guide_message":"What's my size?","size_guide_variant":"Size","image_size":"medium","thumbnail_position":"left","enable_zoom":false,"enable_video_loop":false}},"apps":{"type":"apps","settings":{"include_margins":true}},"template_product_description_hTyeiG":{"type":"template--product-description","disabled":true,"settings":{}},"installation_section_WbTBaC":{"type":"installation-section","blocks":{"video_zAAWqf":{"type":"Video","settings":{"video_title":"Facility Tour","video_dis":"<p>Take a quick tour of the facility with Derek!<\/p>","video_url":"https:\/\/cdn.shopify.com\/videos\/c\/o\/v\/8dc34917cf9943b1bdd56aa48a8b8c86.mp4"}}},"block_order":["video_zAAWqf"],"settings":{"title":"Helpful Product Videos"}},"product-recommendations":{"type":"template--product--recommendations","disabled":true,"settings":{"show_product_recommendations":true,"product_recommendations_heading":"You may also like","quick_view_enabled":true,"quick-view-image-size":"square","discount-display":"hide","show_product_description":true,"show_variant_labels":true,"show_sold_out_variants":true,"show_dynamic_checkout_button":true,"enable_on_mobile":true}},"what_is_in_box_qnAJKM":{"type":"what-is-in-box","blocks":{"list_PDhVWF":{"type":"list","settings":{"list_text":"Custom LED Neon Sign"}},"list_Egj7gE":{"type":"list","settings":{"list_text":"Power Supply"}},"list_waEtxp":{"type":"list","settings":{"list_text":"Remote Control Dimmer"}},"list_nU8k8h":{"type":"list","settings":{"list_text":"Wall Mounting Hardware"}}},"block_order":["list_PDhVWF","list_Egj7gE","list_waEtxp","list_nU8k8h"],"settings":{"img":"shopify:\/\/shop_images\/20240317_141342.jpg","title":"WHAT'S IN THE BOX","desc":"<p>Ordering internationally? No problem. Select your plug style <\/p>","bg_img":"shopify:\/\/shop_images\/Rectangle_58.png"}},"product_faq_section_DeDHqg":{"type":"product-faq-section","blocks":{"faq_list_one_wTcfKJ":{"type":"FAQ-List-One","settings":{"Prod_question":"Whatis Neon LED?","prod_answer":"<p>Neon LED is led lighting encased in rubber silicone.   When lit, the tubing looks very similar, or<br\/>nearly identical to Glass Neon tubing. <\/p>"}},"faq_list_one_JCbqfP":{"type":"FAQ-List-One","settings":{"Prod_question":"Whatare the advantages and disadvantages of Neon LED VS Glass?","prod_answer":"<p>Disadvantage of LED VS Glass is that Glass Neon is more suitable for long term, outdoor,weather exposed applications.<\/p><p>However, the advantages are endless:<\/p><p>-Can be shaped into many more intricate designs than<br\/>glass<\/p><p>-Does Not Get Hot<\/p><p>-Does not rupture and shattered when dropped or hit<\/p><p>-Much more durable<\/p><p>-List goes on<\/p>"}},"faq_list_one_VqGHFk":{"type":"FAQ-List-One","settings":{"Prod_question":"How long does it take to produce and ship out an order?","prod_answer":"<p>From the time an order is placed, generally 4-7 days to produce, package, and ship.ALL order come directly in house to our<br\/>shop, and we produce all signs on-site as orders are placed. <\/p>"}},"faq_list_one_bNeWNV":{"type":"FAQ-List-One","settings":{"Prod_question":"What kind of designs can be made with Neon LED? ","prod_answer":"<p>At Johnny’s LED Factory, our design possibilities are endless.   Our designers are in-house, as<br\/>well as our entire production team and facility.  Whatever the idea is, we can make it.  <\/p>"}},"faq_list_one_MP39M9":{"type":"FAQ-List-One","settings":{"Prod_question":"What sets Johnny’s LED Factory apart from competitors?","prod_answer":"<p>A number of key things: <br\/>For starters- all designs are produced in house, and we are<br\/>manufacturing, packaging and shipping all in-house at the same location.  We have total control over each item start to<br\/>finish.  <\/p><p>Another substantial variant is that most sellers of Neon LEDDO NOT have the ability to print ink onto the backing of the acrylic.We do.Not all signs call for this;<br\/>there are many signs that lend themselves well to a clear backing.However, the design capabilities are far greater with our ability to direct print onto the clear backing, in addition to using Neon LED.<\/p>"}},"faq_list_two_QmN6ED":{"type":"FAQ-List-Two","settings":{"answer_question":"Where do you ship to?","answer_answer":"<p>Lorem ipsum dolor sit amet, consectetur adipiscing elit. Duis quis sagittis turpis. Fusce scelerisque feugiat ex, et pharetra lorem. Maecenas ac turpis et turpis condimentum interdum in ac leo. Aenean pretium congue odio euismod consequat. Sed finibus nec ligula sit amet egestas. usce scelerisque feugiat ex, et pharetra lorem. Maecenas ac turpis et turpis usce scelerisque feugiat ex, et pharetra lorem. Maecenas ac turpis et turpis<\/p>"}},"faq_list_two_UjPGDc":{"type":"FAQ-List-Two","settings":{"answer_question":"How long do the neon signs take to arrive?","answer_answer":"<p>Lorem ipsum dolor sit amet, consectetur adipiscing elit. Duis quis sagittis turpis. Fusce scelerisque feugiat ex, et pharetra lorem. Maecenas ac turpis et turpis condimentum interdum in ac leo. Aenean pretium congue odio euismod consequat. Sed finibus nec ligula sit amet egestas. usce scelerisque feugiat ex, et pharetra lorem. Maecenas ac turpis et turpis usce scelerisque feugiat ex, et pharetra lorem. Maecenas ac turpis et turpis<\/p>"}},"faq_list_two_fPAfVc":{"type":"FAQ-List-Two","settings":{"answer_question":"What happens if my neon sign arrives damaged?","answer_answer":"<p>Lorem ipsum dolor sit amet, consectetur adipiscing elit. Duis quis sagittis turpis. Fusce scelerisque feugiat ex, et pharetra lorem. Maecenas ac turpis et turpis condimentum interdum in ac leo. Aenean pretium congue odio euismod consequat. Sed finibus nec ligula sit amet egestas. usce scelerisque feugiat ex, et pharetra lorem. Maecenas ac turpis et turpis usce scelerisque feugiat ex, et pharetra lorem. Maecenas ac turpis et turpis<\/p>"}},"faq_list_three_HwTC3b":{"type":"FAQ-List-Three","settings":{"question_Prod":"How do I install the sign?","answer_prod":"<p>Lorem ipsum dolor sit amet, consectetur adipiscing elit. Duis quis sagittis turpis. Fusce scelerisque feugiat ex, et pharetra lorem. Maecenas ac turpis et turpis condimentum interdum in ac leo. Aenean pretium congue odio euismod consequat. Sed finibus nec ligula sit amet egestas. usce scelerisque feugiat ex, et pharetra lorem. Maecenas ac turpis et turpis usce scelerisque feugiat ex, et pharetra lorem. Maecenas ac turpis et turpis<\/p>"}},"faq_list_three_bhVgam":{"type":"FAQ-List-Three","settings":{"question_Prod":"Any issues in installation","answer_prod":"<p>Lorem ipsum dolor sit amet, consectetur adipiscing elit. Duis quis sagittis turpis. Fusce scelerisque feugiat ex, et pharetra lorem. Maecenas ac turpis et turpis condimentum interdum in ac leo. Aenean pretium congue odio euismod consequat. Sed finibus nec ligula sit amet egestas. usce scelerisque feugiat ex, et pharetra lorem. Maecenas ac turpis et turpis usce scelerisque feugiat ex, et pharetra lorem. Maecenas ac turpis et turpis<\/p>"}},"faq_list_three_Dprjff":{"type":"FAQ-List-Three","settings":{"question_Prod":"Install Again.","answer_prod":"<p>Lorem ipsum dolor sit amet, consectetur adipiscing elit. Duis quis sagittis turpis. Fusce scelerisque feugiat ex, et pharetra lorem. Maecenas ac turpis et turpis condimentum interdum in ac leo. Aenean pretium congue odio euismod consequat. Sed finibus nec ligula sit amet egestas. usce scelerisque feugiat ex, et pharetra lorem. Maecenas ac turpis et turpis usce scelerisque feugiat ex, et pharetra lorem. Maecenas ac turpis et turpis<\/p>"}}},"block_order":["faq_list_one_wTcfKJ","faq_list_one_JCbqfP","faq_list_one_VqGHFk","faq_list_one_bNeWNV","faq_list_one_MP39M9","faq_list_two_QmN6ED","faq_list_two_UjPGDc","faq_list_two_fPAfVc","faq_list_three_HwTC3b","faq_list_three_bhVgam","faq_list_three_Dprjff"],"settings":{"title":"Frequently Asked Questions","faq_title_one":"PRODUCTION\/MANUFACTURING FAQ","faq_title_two":"ORDER AND SHIPPING","faq_title_three":"INSTALLATION"}},"photos_logos_testimonial_zkbpVf":{"type":"photos-logos-testimonial","blocks":{"testimonial_list_EJk3Td":{"type":"Testimonial-list","settings":{"testimonial_title":"IT WAS A GREAT EXPERIENCE!","desc":"Ordered a new neon sign for our gaming room, and it was awesome. Got the large gaming remote neon, arrived in about a week","testi_img":"shopify:\/\/shop_images\/TestimonialPic1_82x82_b840d87d-cea4-4ac6-bab0-32040fdd52c2.png","testimonial_name":"Ivan Ly","testimonial_dis":"Houston, TX"}},"testimonial_list_ftXnBH":{"type":"Testimonial-list","settings":{"testimonial_title":"Pool Bar Paradise!","desc":"Love our new neon sign from Johnny's LED Factory. Looks great and lights up our pool bar beautifully!","testi_img":"shopify:\/\/shop_images\/TestimonialPic2_82x82_3b12cc43-60b0-4fae-84dd-e237e011b8a9.png","testimonial_name":"Deanna Abel","testimonial_dis":"Bedford, IN"}},"testimonial_list_6XMybm":{"type":"Testimonial-list","settings":{"testimonial_title":"Lets Do Some SHOTS!!","desc":"Love our new neon SHOTS! sign from Derek and Johnny's. Perfect for our garage bar! Let's do some SHOTS!!!!","testi_img":"shopify:\/\/shop_images\/TestimonialPic3_82x82_707634e3-50ef-4ec3-8fb4-70fe28260ade.png","testimonial_name":"Chris Farano","testimonial_dis":"San Diego, CA"}}},"block_order":["testimonial_list_EJk3Td","testimonial_list_ftXnBH","testimonial_list_6XMybm"],"settings":{"title":"LOVE FOR US","bg_img":"shopify:\/\/shop_images\/Rectangle_58.png"}},"best_seller_collection_section_Ac6McG":{"type":"best-seller-collection-section","settings":{"product_list":["8-ball","adrenaline-molecule","alien-riding-a-unicorn","blue-moon","caffeine-molecule","california-outline"],"img":"shopify:\/\/shop_images\/TrendingNow_500x651_6ae7f8af-3e85-44aa-9f3c-f7ad6be6949d.jpg","btn":"View More+","btn_url":"","title":"Trending Now","per_row":4,"limit":4}},"newsletter_newsletter_FdJQeG":{"type":"newsletter--newsletter","disabled":true,"settings":{"colors":"light","subheading":"","img":"shopify:\/\/shop_images\/Rectangle_37.png","back_img":"shopify:\/\/shop_images\/news_background.jpg","text":"10% discount code on your next purchase for<br>\nsigning up for our email marketing.","title":"JOIN US & MAKE YOUR MARK","newsletter_description":"<p>Join our mailing list and be the first to hear about new collections, fresh collaborations and all of our events.<\/p>","section_width":"container","padding_top":50,"padding_bottom":50}},"newsletter_our_CWCWFe":{"type":"newsletter-our","settings":{"img":"shopify:\/\/shop_images\/JoinUsAndMakeYourMark_712x460_c142ee13-0414-4550-85fa-36ff0ed7a4d1.jpg","back_img":"shopify:\/\/shop_images\/news_background.jpg","text":"10% discount code on your next purchase forsigning up for our email marketing."}}},"order":["main","apps","template_product_description_hTyeiG","installation_section_WbTBaC","product-recommendations","what_is_in_box_qnAJKM","product_faq_section_DeDHqg","photos_logos_testimonial_zkbpVf","best_seller_collection_section_Ac6McG","newsletter_newsletter_FdJQeG","newsletter_our_CWCWFe"]}