{"sections":{"main":{"type":"template--product","blocks":{"product-title":{"type":"product-title","settings":{}},"product-price":{"type":"product-price","settings":{"show_discount":"hide","tax_included":false,"shipping_policy":false}},"product-options":{"type":"product-options","settings":{"show_variant_labels":true,"hide_out_of_stock":false}},"linked-products":{"type":"linked-products","settings":{"option_name":"Color","linked_products":[],"swatches_size":"small","swatches_aspect_ratio":"square"}},"stock-level-indicator":{"type":"stock-level-indicator","settings":{"stock-level-indicator-style":"bar","bar-indicator-color":"text","stock_indicator_animation":true,"stock-range":20,"show-stock-count":true,"stock-level-notice":"always","in-stock-message":"In stock","low-stock-message":"Selling fast","out-of-stock-message":"Back in soon!"}},"quantity-selector":{"type":"quantity-selector","settings":{}},"payment-buttons":{"type":"payment-buttons","settings":{"show_smart_checkout":true,"enable_gift_card_recipient_form":true}},"local-pickup":{"type":"local-pickup","settings":{}},"collapsible-tab-0":{"type":"collapsible-tab","settings":{"icon":"truck","heading":"Trustworthy","open_close_icon":"caret","text":"<p>Designed and built in house<\/p>","page":""}},"collapsible-tab-1":{"type":"collapsible-tab","settings":{"icon":"clock","heading":"Durable","open_close_icon":"caret","text":"<p>This product is very high quality and built with care<\/p>","page":""}},"collapsible-tab-2":{"type":"collapsible-tab","settings":{"icon":"recycle","heading":"Material","open_close_icon":"caret","text":"<p>Very high quality material meticulously picked out by our team<\/p>","page":""}},"cross-sells":{"type":"cross-sells","settings":{"title":"Complete the look","cross_sell_product_1":"","cross_sell_product_2":"","cross_sell_product_3":"","cross_sell_bg":"#f9f9f9"}}},"block_order":["product-title","product-price","product-options","linked-products","stock-level-indicator","quantity-selector","payment-buttons","local-pickup","collapsible-tab-0","collapsible-tab-1","collapsible-tab-2","cross-sells"],"settings":{"show_out_of_stock_email":true,"form_position":"below-payment-buttons","size_guide_link":"","size_guide_message":"What's my size?","size_guide_variant":"Size","image_size":"medium","thumbnail_position":"below","enable_zoom":true,"enable_video_loop":false}},"product-description":{"type":"template--product-description","settings":{}},"apps":{"type":"apps","settings":{"include_margins":true}},"featured-collection":{"type":"collection--featured-collection","blocks":{"featured-collection-0":{"type":"grid-card-title","settings":{}},"featured-collection-1":{"type":"grid-card-price","settings":{}},"featured-collection-2":{"type":"grid-card-swatches","settings":{}}},"block_order":["featured-collection-0","featured-collection-1","featured-collection-2"],"settings":{"colors":"white","subheading":"Subheading","title":"Featured collection","collection":"state-neon-signs","columns":4,"rows":1,"product_limit":4,"show_view_all":false,"section_width":"container","padding_top":50,"padding_bottom":50}},"product-recommendations":{"type":"template--product--recommendations","settings":{"show_product_recommendations":true,"product_recommendations_heading":"You may also like","quick_view_enabled":true,"quick-view-image-size":"square","discount-display":"hide","show_product_description":true,"show_variant_labels":true,"show_sold_out_variants":true,"show_dynamic_checkout_button":true,"enable_on_mobile":true}},"newsletter":{"type":"newsletter--newsletter","settings":{"colors":"light","subheading":"","title":"Join our mailing list","newsletter_description":"","section_width":"container","padding_top":50,"padding_bottom":50}}},"order":["main","product-description","apps","featured-collection","product-recommendations","newsletter"]}