{"current":{"logo":"shopify:\/\/shop_images\/Sophia_Skims.png","logo_width":90,"favicon":"shopify:\/\/shop_images\/Sophia_Skims.png","type_header_font":"assistant_n4","heading_scale":100,"type_body_font":"assistant_n4","body_scale":100,"page_width":1200,"spacing_sections":0,"spacing_grid_horizontal":8,"spacing_grid_vertical":8,"animations_reveal_on_scroll":true,"animations_hover_elements":"none","buttons_border_thickness":1,"buttons_border_opacity":100,"buttons_radius":0,"buttons_shadow_opacity":0,"buttons_shadow_horizontal_offset":0,"buttons_shadow_vertical_offset":4,"buttons_shadow_blur":5,"variant_pills_border_thickness":1,"variant_pills_border_opacity":55,"variant_pills_radius":40,"variant_pills_shadow_opacity":0,"variant_pills_shadow_horizontal_offset":0,"variant_pills_shadow_vertical_offset":4,"variant_pills_shadow_blur":5,"inputs_border_thickness":1,"inputs_border_opacity":55,"inputs_radius":0,"inputs_shadow_opacity":0,"inputs_shadow_horizontal_offset":0,"inputs_shadow_vertical_offset":4,"inputs_shadow_blur":5,"card_style":"standard","card_image_padding":0,"card_text_alignment":"left","card_color_scheme":"background-2","card_border_thickness":0,"card_border_opacity":10,"card_corner_radius":0,"card_shadow_opacity":0,"card_shadow_horizontal_offset":0,"card_shadow_vertical_offset":4,"card_shadow_blur":5,"collection_card_style":"standard","collection_card_image_padding":0,"collection_card_text_alignment":"left","collection_card_color_scheme":"background-2","collection_card_border_thickness":0,"collection_card_border_opacity":10,"collection_card_corner_radius":0,"collection_card_shadow_opacity":0,"collection_card_shadow_horizontal_offset":0,"collection_card_shadow_vertical_offset":4,"collection_card_shadow_blur":5,"blog_card_style":"standard","blog_card_image_padding":0,"blog_card_text_alignment":"left","blog_card_color_scheme":"background-2","blog_card_border_thickness":0,"blog_card_border_opacity":10,"blog_card_corner_radius":0,"blog_card_shadow_opacity":0,"blog_card_shadow_horizontal_offset":0,"blog_card_shadow_vertical_offset":4,"blog_card_shadow_blur":5,"text_boxes_border_thickness":0,"text_boxes_border_opacity":10,"text_boxes_radius":0,"text_boxes_shadow_opacity":0,"text_boxes_shadow_horizontal_offset":0,"text_boxes_shadow_vertical_offset":4,"text_boxes_shadow_blur":5,"media_border_thickness":1,"media_border_opacity":5,"media_radius":0,"media_shadow_opacity":0,"media_shadow_horizontal_offset":0,"media_shadow_vertical_offset":4,"media_shadow_blur":5,"popup_border_thickness":1,"popup_border_opacity":10,"popup_corner_radius":0,"popup_shadow_opacity":5,"popup_shadow_horizontal_offset":0,"popup_shadow_vertical_offset":4,"popup_shadow_blur":5,"drawer_border_thickness":1,"drawer_border_opacity":10,"drawer_shadow_opacity":0,"drawer_shadow_horizontal_offset":0,"drawer_shadow_vertical_offset":4,"drawer_shadow_blur":5,"badge_position":"bottom left","badge_corner_radius":40,"sale_badge_color_scheme":"accent-2","sold_out_badge_color_scheme":"inverse","brand_headline":"","brand_description":"","brand_image_width":100,"social_facebook_link":"","social_instagram_link":"","social_youtube_link":"","social_tiktok_link":"","social_twitter_link":"","social_snapchat_link":"","social_pinterest_link":"","social_tumblr_link":"","social_vimeo_link":"","predictive_search_enabled":true,"predictive_search_show_vendor":false,"predictive_search_show_price":false,"currency_code_enabled":true,"cart_type":"drawer","show_vendor":false,"show_cart_note":false,"cart_drawer_collection":"","cart_color_scheme":"background-1","sections":{"main-password-header":{"type":"main-password-header","settings":{"color_scheme":"background-1"}},"main-password-footer":{"type":"main-password-footer","settings":{"color_scheme":"background-1"}},"about-banner-section":{"type":"about-banner-section","settings":{"bg_img":"shopify:\/\/shop_images\/banner_img_76efeb87-966d-44f0-a514-d67692a1cf25.png","title":"About Us"}},"home-about-section":{"type":"home-about-section","settings":{"about_image":"shopify:\/\/shop_images\/about_Img.png","title":"Lorem Ipsum is simply dummy text of the printing and typesetting industry.","btn_title":"About Sophia Skims","btn_url":"#","description":"<p>It is a long established fact that a reader will be distracted by the readable content of a page when looking at its layout. The point of using Lorem Ipsum is that it has a more-or-less normal distribution.<\/p><p>It is a long established fact that a reader will be distracted by the readable content of a page when looking at its layout. The point of using Lorem Ipsum is that it has a more-or-less normal distribution.<\/p>"}},"about-page-choose_shopia-section":{"type":"about-page-choose_shopia-section","settings":{"title":"Benefits With Sophia Skims","des":"<p>It is a long established fact that a reader will be distracted by the readable content of a page when looking at its layout.<\/p>","btn":"Our Benifts","btn_url":"#","image":"shopify:\/\/shop_images\/our_benefit.png"}},"sophia-about-section":{"type":"sophia-about-section","settings":{"btn_title":"About Sophia Skims","btn_url":"#","title":"Lorem Ipsum is simply dummy text of the printing and typesetting industry.","description":"<p>It is a long established fact that a reader will be distracted by the readable content of a page when looking at its layout. The point of using Lorem Ipsum is that it has a more-or-less normal distribution.<\/p><p>It is a long established fact that a reader will be distracted by the readable content of a page when looking at its layout. The point of using Lorem Ipsum is that it has a more-or-less normal distribution.<\/p>","about_image":"shopify:\/\/shop_images\/simply_dummy.png"}},"benift-with-sophia-section":{"type":"benift-with-sophia-section","settings":{"image":"shopify:\/\/shop_images\/our_benefit.png","btn":"Our Benefits","btn_url":"#","title":"Benefits With Sophia Skims","des":"<p>It is a long established fact that a reader will be distracted by the readable content of a page when looking at its layout.<\/p>"}},"faq-banner-section":{"type":"faq-banner-section","settings":{"bg_img":"shopify:\/\/shop_images\/image_2024_01_06T11_41_01_740Z.png","title":"Frequently Asked Questions"}},"faq-main-section":{"type":"faq-main-section","blocks":{"20ad194e-da91-4386-bed7-5cc9a758fba8":{"type":"faq_list","settings":{"title":"Lorem Ipsum is simply dummy text of the printing and?","des":"<p>Lorem Ipsum is simply dummy text of the printing and?<\/p>"}},"5ae97880-f286-430e-b994-eb407628c3b8":{"type":"faq_list","settings":{"title":"Lorem Ipsum is simply dummy text of the printing and?","des":"<p>Lorem Ipsum is simply dummy text of the printing and?<\/p>"}},"f2525200-7db3-4c1e-8d2c-9bbe67b85a23":{"type":"faq_list","settings":{"title":"Lorem Ipsum is simply dummy text of the printing and?","des":"<p>Lorem Ipsum is simply dummy text of the printing and?<\/p>"}},"a3fa2b62-9cb9-49f6-a24e-f6ae78787113":{"type":"faq_list","settings":{"title":"Lorem Ipsum is simply dummy text of the printing and?","des":"<p>Lorem Ipsum is simply dummy text of the printing and?<\/p>"}},"c7d7c851-c08d-42a8-bc91-2f5af7ce6ecc":{"type":"faq_list","settings":{"title":"Lorem Ipsum is simply dummy text of the printing and?","des":"<p>Lorem Ipsum is simply dummy text of the printing and?<\/p>"}},"38583a1b-e6d4-4206-93ab-1bf1bee1ddc7":{"type":"faq_list","settings":{"title":"Lorem Ipsum is simply dummy text of the printing and?","des":"<p>Lorem Ipsum is simply dummy text of the printing and?<\/p>"}},"88bcbd00-419b-4f4b-8052-d7719cc8d34c":{"type":"faq_list","settings":{"title":"Lorem Ipsum is simply dummy text of the printing and?","des":"<p>Lorem Ipsum is simply dummy text of the printing and?<\/p>"}},"e2a5f953-0e74-4eab-bfd6-098545053327":{"type":"faq_list","settings":{"title":"Lorem Ipsum is simply dummy text of the printing and?","des":"<p>Lorem Ipsum is simply dummy text of the printing and?<\/p>"}},"688d9179-6148-48eb-952b-8ea56cb08afc":{"type":"faq_list","settings":{"title":"Lorem Ipsum is simply dummy text of the printing and?","des":"<p>Lorem Ipsum is simply dummy text of the printing and?<\/p>"}},"e09d4c8d-1f03-4b10-9937-9e5936911339":{"type":"faq_list","settings":{"title":"Lorem Ipsum is simply dummy text of the printing and?","des":"<p>Lorem Ipsum is simply dummy text of the printing and?<\/p>"}}},"block_order":["20ad194e-da91-4386-bed7-5cc9a758fba8","5ae97880-f286-430e-b994-eb407628c3b8","f2525200-7db3-4c1e-8d2c-9bbe67b85a23","a3fa2b62-9cb9-49f6-a24e-f6ae78787113","c7d7c851-c08d-42a8-bc91-2f5af7ce6ecc","38583a1b-e6d4-4206-93ab-1bf1bee1ddc7","88bcbd00-419b-4f4b-8052-d7719cc8d34c","e2a5f953-0e74-4eab-bfd6-098545053327","688d9179-6148-48eb-952b-8ea56cb08afc","e09d4c8d-1f03-4b10-9937-9e5936911339"],"settings":{}}},"content_for_index":[],"blocks":{"14060646107696862457":{"type":"shopify:\/\/apps\/judge-me-reviews\/blocks\/judgeme_core\/61ccd3b1-a9f2-4160-9fe9-4fec8413e5d8","disabled":false,"settings":{}}},"color_schemes":{"background-1":{"settings":{"background":"#ffffff","background_gradient":"","text":"#121212","button":"#121212","button_label":"#ffffff","secondary_button_label":"#121212","shadow":"#121212"}},"background-2":{"settings":{"background":"#f3f3f3","background_gradient":"","text":"#121212","button":"#121212","button_label":"#f3f3f3","secondary_button_label":"#121212","shadow":"#121212"}},"inverse":{"settings":{"background":"#242833","background_gradient":"","text":"#ffffff","button":"#ffffff","button_label":"#000000","secondary_button_label":"#ffffff","shadow":"#121212"}},"accent-1":{"settings":{"background":"#121212","background_gradient":"","text":"#ffffff","button":"#ffffff","button_label":"#121212","secondary_button_label":"#ffffff","shadow":"#121212"}},"accent-2":{"settings":{"background":"#334fb4","background_gradient":"","text":"#ffffff","button":"#ffffff","button_label":"#334fb4","secondary_button_label":"#ffffff","shadow":"#121212"}}}},"presets":{"Default":{"logo_width":90,"color_schemes":{"background-1":{"settings":{"background":"#FFFFFF","background_gradient":"","text":"#121212","button":"#121212","button_label":"#FFFFFF","secondary_button_label":"#121212","shadow":"#121212"}},"background-2":{"settings":{"background":"#F3F3F3","background_gradient":"","text":"#121212","button":"#121212","button_label":"#F3F3F3","secondary_button_label":"#121212","shadow":"#121212"}},"inverse":{"settings":{"background":"#242833","background_gradient":"","text":"#FFFFFF","button":"#FFFFFF","button_label":"#000000","secondary_button_label":"#FFFFFF","shadow":"#121212"}},"accent-1":{"settings":{"background":"#121212","background_gradient":"","text":"#FFFFFF","button":"#FFFFFF","button_label":"#121212","secondary_button_label":"#FFFFFF","shadow":"#121212"}},"accent-2":{"settings":{"background":"#334FB4","background_gradient":"","text":"#FFFFFF","button":"#FFFFFF","button_label":"#334FB4","secondary_button_label":"#FFFFFF","shadow":"#121212"}}},"type_header_font":"assistant_n4","heading_scale":100,"type_body_font":"assistant_n4","body_scale":100,"page_width":1200,"spacing_sections":0,"spacing_grid_horizontal":8,"spacing_grid_vertical":8,"animations_reveal_on_scroll":true,"animations_hover_elements":"none","buttons_border_thickness":1,"buttons_border_opacity":100,"buttons_radius":0,"buttons_shadow_opacity":0,"buttons_shadow_horizontal_offset":0,"buttons_shadow_vertical_offset":4,"buttons_shadow_blur":5,"variant_pills_border_thickness":1,"variant_pills_border_opacity":55,"variant_pills_radius":40,"variant_pills_shadow_opacity":0,"variant_pills_shadow_horizontal_offset":0,"variant_pills_shadow_vertical_offset":4,"variant_pills_shadow_blur":5,"inputs_border_thickness":1,"inputs_border_opacity":55,"inputs_radius":0,"inputs_shadow_opacity":0,"inputs_shadow_horizontal_offset":0,"inputs_shadow_vertical_offset":4,"inputs_shadow_blur":5,"card_style":"standard","card_image_padding":0,"card_text_alignment":"left","card_color_scheme":"background-2","card_border_thickness":0,"card_border_opacity":10,"card_corner_radius":0,"card_shadow_opacity":0,"card_shadow_horizontal_offset":0,"card_shadow_vertical_offset":4,"card_shadow_blur":5,"collection_card_style":"standard","collection_card_image_padding":0,"collection_card_text_alignment":"left","collection_card_color_scheme":"background-2","collection_card_border_thickness":0,"collection_card_border_opacity":10,"collection_card_corner_radius":0,"collection_card_shadow_opacity":0,"collection_card_shadow_horizontal_offset":0,"collection_card_shadow_vertical_offset":4,"collection_card_shadow_blur":5,"blog_card_style":"standard","blog_card_image_padding":0,"blog_card_text_alignment":"left","blog_card_color_scheme":"background-2","blog_card_border_thickness":0,"blog_card_border_opacity":10,"blog_card_corner_radius":0,"blog_card_shadow_opacity":0,"blog_card_shadow_horizontal_offset":0,"blog_card_shadow_vertical_offset":4,"blog_card_shadow_blur":5,"text_boxes_border_thickness":0,"text_boxes_border_opacity":10,"text_boxes_radius":0,"text_boxes_shadow_opacity":0,"text_boxes_shadow_horizontal_offset":0,"text_boxes_shadow_vertical_offset":4,"text_boxes_shadow_blur":5,"media_border_thickness":1,"media_border_opacity":5,"media_radius":0,"media_shadow_opacity":0,"media_shadow_horizontal_offset":0,"media_shadow_vertical_offset":4,"media_shadow_blur":5,"popup_border_thickness":1,"popup_border_opacity":10,"popup_corner_radius":0,"popup_shadow_opacity":5,"popup_shadow_horizontal_offset":0,"popup_shadow_vertical_offset":4,"popup_shadow_blur":5,"drawer_border_thickness":1,"drawer_border_opacity":10,"drawer_shadow_opacity":0,"drawer_shadow_horizontal_offset":0,"drawer_shadow_vertical_offset":4,"drawer_shadow_blur":5,"badge_position":"bottom left","badge_corner_radius":40,"sale_badge_color_scheme":"accent-2","sold_out_badge_color_scheme":"inverse","brand_headline":"","brand_description":"<p><\/p>","brand_image_width":100,"social_twitter_link":"","social_facebook_link":"","social_pinterest_link":"","social_instagram_link":"","social_tiktok_link":"","social_tumblr_link":"","social_snapchat_link":"","social_youtube_link":"","social_vimeo_link":"","predictive_search_enabled":true,"predictive_search_show_vendor":false,"predictive_search_show_price":false,"currency_code_enabled":true,"cart_type":"notification","show_vendor":false,"show_cart_note":false,"cart_drawer_collection":"","cart_color_scheme":"background-1","sections":{"main-password-header":{"type":"main-password-header","settings":{"color_scheme":"background-1"}},"main-password-footer":{"type":"main-password-footer","settings":{"color_scheme":"background-1"}}}}}}