{"sections":{"image_banner":{"type":"image-banner","blocks":{"8daddde3-9ba1-4200-8adf-965498ba4b96":{"type":"heading","settings":{"heading":"Entdecke wahre Schönheit – Dein Shop für das perfekte Glow-Up","heading_size":"h1"}},"3fcf7523-031b-4098-9b4e-af3789367f78":{"type":"text","settings":{"text":"Willkommen bei Rallani","text_style":"caption-with-letter-spacing"}},"4ef4891b-5252-4589-88b1-212f442cd58d":{"type":"buttons","settings":{"button_label_1":"JETZT ENTDECKEN","button_link_1":"shopify:\/\/collections\/beauty","button_style_secondary_1":false,"button_label_2":"","button_link_2":"","button_style_secondary_2":false}}},"block_order":["8daddde3-9ba1-4200-8adf-965498ba4b96","3fcf7523-031b-4098-9b4e-af3789367f78","4ef4891b-5252-4589-88b1-212f442cd58d"],"settings":{"image":"shopify:\/\/shop_images\/pexels-pixabay-458766.jpg","image_overlay_opacity":50,"image_height":"large","adapt_height_first_image":false,"desktop_content_position":"bottom-center","show_text_box":false,"desktop_content_alignment":"center","color_scheme":"background-1","mobile_content_alignment":"center","stack_images_on_mobile":false,"show_text_below":false}},"a983e9e1-ec1b-4f0e-9900-dec5c5a9a73b":{"type":"rich-text","blocks":{"template--17392735158540__a983e9e1-ec1b-4f0e-9900-dec5c5a9a73b-heading-1":{"type":"heading","settings":{"heading":"<h1><strong>Schön, dass du da bist <br\/>Willkommen bei Rallani<\/strong><\/h1>","heading_size":"h1"}},"template--17392735158540__a983e9e1-ec1b-4f0e-9900-dec5c5a9a73b-text-1":{"type":"text","settings":{"text":"<p>Unsere Leidenschaft ist es, Dein Leben mit besonderen Produkten zu bereichern. Wir sind hier, um dich zu inspirieren und dir einzigartige Schätze anzubieten. Willkommen in unserer herzlichen Online-Shop-Familie. Lass uns zusammen die Welt des Stils und der Qualität erkunden. <\/p>"}}},"block_order":["template--17392735158540__a983e9e1-ec1b-4f0e-9900-dec5c5a9a73b-heading-1","template--17392735158540__a983e9e1-ec1b-4f0e-9900-dec5c5a9a73b-text-1"],"settings":{"desktop_content_position":"center","content_alignment":"center","color_scheme":"background-1","full_width":true,"padding_top":24,"padding_bottom":20}},"featured_collection":{"type":"featured-collection","settings":{"title":"14.000+ MENSCHEN LIEBEN UNSERE PRODUKTE","heading_size":"h2","description":"<h3>Entdecke unsere Bestseller<\/h3>","show_description":false,"description_style":"body","collection":"beauty","products_to_show":4,"columns_desktop":4,"full_width":false,"show_view_all":true,"view_all_style":"solid","enable_desktop_slider":false,"color_scheme":"background-1","image_ratio":"adapt","show_secondary_image":true,"show_vendor":false,"show_rating":false,"enable_quick_add":false,"columns_mobile":"2","swipe_on_mobile":true,"padding_top":44,"padding_bottom":64}},"189ff83e-11f5-4a9a-ac8d-feefbbdb6c15":{"type":"multicolumn","blocks":{"template--17392735158540__189ff83e-11f5-4a9a-ac8d-feefbbdb6c15-column-1":{"type":"column","settings":{"image":"shopify:\/\/shop_images\/1_fce5afc6-3c88-4a3d-9025-1d6d125785a0.svg","title":"KOSTENLOSER VERSAND","text":"<p>Du musst dir keine Gedanken über Versandkosten machen - die übernehmen wir!<\/p>","link_label":"","link":""}},"template--17392735158540__189ff83e-11f5-4a9a-ac8d-feefbbdb6c15-column-2":{"type":"column","settings":{"image":"shopify:\/\/shop_images\/2_21baf96d-b4ae-4aeb-8897-297ab6b62644.svg","title":"14 TAGE GELD-ZURÜCK-GARANTIE","text":"<p>Du bist unzufrieden? Kein Problem! Du kannst dein Paket 14 Tage lang zurückgeben und erhältst dein Geld innerhalb 72h zurückerstattet.<\/p>","link_label":"","link":""}},"fba4bfbe-9d42-40f7-a8fa-a7de3583c933":{"type":"column","settings":{"image":"shopify:\/\/shop_images\/3_f27707ee-4fd2-4e96-a6e3-d77a0d712fc2.svg","title":"SICHERE BEZAHLUNG","text":"<p>Über unsere SSL-Verschlüsselung und Kooperation zu Klarna, PayPal und VISA zahlst du bei uns sicher!<\/p>","link_label":"","link":""}}},"block_order":["template--17392735158540__189ff83e-11f5-4a9a-ac8d-feefbbdb6c15-column-1","template--17392735158540__189ff83e-11f5-4a9a-ac8d-feefbbdb6c15-column-2","fba4bfbe-9d42-40f7-a8fa-a7de3583c933"],"settings":{"title":"Teste uns risikofrei","heading_size":"h1","image_width":"third","image_ratio":"adapt","columns_desktop":3,"column_alignment":"center","background_style":"primary","button_label":"","button_link":"","color_scheme":"background-1","columns_mobile":"1","swipe_on_mobile":true,"padding_top":0,"padding_bottom":36}},"e0efa720-18fd-4300-b7bd-c41a95b8946b":{"type":"image-with-text","blocks":{"template--17392735158540__e0efa720-18fd-4300-b7bd-c41a95b8946b-167562975390894e9d-0":{"type":"heading","settings":{"heading":"Über uns","heading_size":"h1"}},"template--17392735158540__e0efa720-18fd-4300-b7bd-c41a95b8946b-167562975390894e9d-1":{"type":"text","settings":{"text":"<p>Hey, wir sind ein junges und motiviertes Team! <strong>Unser Ziel?<\/strong> Die coolsten Trends und Gadgets für Dich zu finden. <strong>Warum?<\/strong> Weil wir wollen, dass dein Shopping-Erlebnis einfach mega viel Spaß macht! <\/p><p><strong>Das beste daran? <\/strong>Wir bieten dir unschlagbare Preise und dazu noch erstkalssigen Service! <\/p>","text_style":"body"}}},"block_order":["template--17392735158540__e0efa720-18fd-4300-b7bd-c41a95b8946b-167562975390894e9d-0","template--17392735158540__e0efa720-18fd-4300-b7bd-c41a95b8946b-167562975390894e9d-1"],"settings":{"image":"shopify:\/\/shop_images\/pexels-yan-krukau-8837170.jpg","height":"adapt","desktop_image_width":"medium","layout":"image_first","desktop_content_position":"top","desktop_content_alignment":"left","content_layout":"no-overlap","color_scheme":"background-1","mobile_content_alignment":"left","padding_top":32,"padding_bottom":12}}},"order":["image_banner","a983e9e1-ec1b-4f0e-9900-dec5c5a9a73b","featured_collection","189ff83e-11f5-4a9a-ac8d-feefbbdb6c15","e0efa720-18fd-4300-b7bd-c41a95b8946b"]}