{"sections":{"main":{"type":"main-product","blocks":{"loox-rating":{"type":"shopify:\/\/apps\/loox-reviews\/blocks\/loox-rating\/5c3b337f-fd14-4df5-b1d6-80ec13e6e28e","settings":{"contentSize":15,"pattern":"Hervorragend (4,9\/5,0)","hideText":false,"alignment":"","layout":"","textColor":"#000000","starColor":"","showAllReviews":false,"looxOpenFloatingWidget":false,"emptyRatingWidget":false}},"title":{"type":"title","settings":{}},"price":{"type":"price","settings":{}},"description":{"type":"description","settings":{}},"quantity_selector":{"type":"quantity_selector","disabled":true,"settings":{}},"variant_picker":{"type":"variant_picker","settings":{"picker_type":"button"}},"buy_buttons":{"type":"buy_buttons","settings":{"show_dynamic_checkout":true}},"collapsible-row-0":{"type":"collapsible_tab","disabled":true,"settings":{"heading":"Materials","icon":"leather","content":"","page":""}},"collapsible-row-1":{"type":"collapsible_tab","disabled":true,"settings":{"heading":"Shipping & Returns","icon":"truck","content":"","page":""}},"collapsible-row-2":{"type":"collapsible_tab","disabled":true,"settings":{"heading":"Dimensions","icon":"ruler","content":"","page":""}},"collapsible-row-3":{"type":"collapsible_tab","disabled":true,"settings":{"heading":"Care Instructions","icon":"heart","content":"","page":""}},"share":{"type":"share","settings":{"share_label":"Share"}},"collapsible_tab_WRBWKF":{"type":"collapsible_tab","disabled":true,"settings":{"heading":"Shipping and Returns","icon":"none","content":"<p>Shipping:Since your satisfaction is important to us, we will cover the shipping costs for you. The average delivery time is 6-9 business days.ⓘ Due to high demand, delivery delays of approx. 1 week may occur in individual cases.Returns:Not satisfied with your IPL Pro? No worries. You can return it within 100 days.It doesn't matter if the product was opened & used or not (how else would you have tried it?). Once we receive your return, you will receive a full refund. <\/p>","page":""}},"collapsible_tab_nJDhrE":{"type":"collapsible_tab","disabled":true,"settings":{"heading":"Scope of Delivery","icon":"none","content":"<p>This is what you get:- Onlybabe IPL Pro- Charging cable- Safety glasses- Instructions- 2 year guarantee<\/p>","page":""}}},"block_order":["loox-rating","title","price","description","quantity_selector","variant_picker","buy_buttons","collapsible-row-0","collapsible-row-1","collapsible-row-2","collapsible-row-3","share","collapsible_tab_WRBWKF","collapsible_tab_nJDhrE"],"settings":{"enable_sticky_info":true,"media_position":"left","gallery_layout":"thumbnail_slider","media_size":"medium","mobile_thumbnails":"show","hide_variants":true,"enable_video_looping":false,"padding_top":36,"padding_bottom":68}},"image-with-text":{"type":"image-with-text","blocks":{"image-with-text-0":{"type":"heading","settings":{"heading":"Image with text","heading_size":"h1"}},"image-with-text-1":{"type":"text","settings":{"text":"<p>Pair text with an image to focus on your chosen product, collection, or blog post. Add details on availability, style, or even provide a review.<\/p>","text_style":"body"}}},"block_order":["image-with-text-0","image-with-text-1"],"disabled":true,"settings":{"height":"small","desktop_image_width":"medium","layout":"text_first","desktop_content_position":"top","desktop_content_alignment":"left","content_layout":"no-overlap","color_scheme":"background-2","mobile_content_alignment":"left","padding_top":36,"padding_bottom":36}},"multicolumn":{"type":"multicolumn","blocks":{"column-0":{"type":"column","settings":{"title":"Free Shipping","text":"<p>Pair text with an image to focus on your chosen product, collection, or blog post. Add details on availability, style, or even provide a review.<\/p>","link_label":"","link":""}},"column-1":{"type":"column","settings":{"title":"Hassle-Free Exchanges","text":"<p>Pair text with an image to focus on your chosen product, collection, or blog post. Add details on availability, style, or even provide a review.<\/p>","link_label":"","link":""}}},"block_order":["column-0","column-1"],"disabled":true,"settings":{"title":"","heading_size":"h1","image_width":"full","image_ratio":"adapt","columns_desktop":2,"column_alignment":"left","background_style":"none","button_label":"","button_link":"","color_scheme":"background-1","columns_mobile":"1","swipe_on_mobile":false,"padding_top":36,"padding_bottom":36}},"product-recommendations":{"type":"product-recommendations","disabled":true,"settings":{"heading":"DAS KÖNNTE DIR AUCH GEFALLEN","heading_size":"h2","products_to_show":4,"columns_desktop":4,"color_scheme":"background-1","image_ratio":"square","show_secondary_image":true,"show_vendor":false,"show_rating":false,"columns_mobile":"2","padding_top":36,"padding_bottom":28}},"faq_product_section_kGDGrn":{"type":"faq-product-section","blocks":{"faq_list_wkWUpN":{"type":"faq_list","settings":{"title":"Does that really work","des":"<p>Absolutely without a doubt!Numerous scientific studies have proven that IPL stops hair growth directly at the root.<br\/>It's not for nothing that we supply selected cosmetic studios with our IPL Pro.<br\/><br\/>IPL stands for “Intense Pulsed Light”.It works very similarly to expensive laser hair removal, except it's much easier and safer to do at home.<br\/><br\/>The device works with short flashes of light that penetrate the hair follicle.The pigment in hair absorbs light and converts it into heat.The heat released during this process brings the hair follicles into a kind of \"resting state\" completely painlessly.<br\/><br\/><strong>Result:<\/strong>Effective & long-term hair reduction without damaging the skin.<\/p>"}},"faq_list_7qyyTB":{"type":"faq_list","settings":{"title":"Is that safe?","des":"<p>Short answer?Absolutely!<br\/><br\/>IPL is a popular, well-researched option for safe, effective, long-term hair removal.The Onlybabe IPL Pro™ itself is FCC, CE and RoHS certified and suitable for safe use at home.We also use BOROFLOAT® glass.A high-quality, temperature-resistant borosilicate glass from SCHOTT.The glass can be used permanently at temperatures up to 450 °C.It filters short and long-wave light to ensure safe use. <\/p>"}},"faq_list_3j3eba":{"type":"faq_list","settings":{"title":"Does it hurt?","des":"<p>No!<br\/><br\/>Unlike other hair removal methods, IPL treatment is essentially painless - no grinding your teeth, no cutting your knee, no ripping anything off.<\/p>"}},"faq_list_fEJjQP":{"type":"faq_list","settings":{"title":"Will this work for my hair\/screen ?","des":""}},"faq_list_dmNw6P":{"type":"faq_list","settings":{"title":"Where can I use my IPL Pro ?","des":"<p>Does it really help me?<\/p><p>We can promise you a lot, but the only way to really find out is to test it...<br\/><br\/>But don't worry! You can return it within 100 days. It doesn't matter if the product was opened & used or not (how else would you have tried it?). Once we receive your return, you will receive a full refund.<br\/><br\/> Very easy & without any conditions!<\/p>"}}},"block_order":["faq_list_wkWUpN","faq_list_7qyyTB","faq_list_3j3eba","faq_list_fEJjQP","faq_list_dmNw6P"],"disabled":true,"settings":{}},"reason_section_EgGYAP":{"type":"reason-section","blocks":{"image_TDjJkY":{"type":"image","settings":{"featured_image":"shopify:\/\/shop_images\/1_fce5afc6-3c88-4a3d-9025-1d6d125785a0.svg","text":"Visible results in just a few applications"}},"image_U3zAFq":{"type":"image","settings":{"featured_image":"shopify:\/\/shop_images\/1_fce5afc6-3c88-4a3d-9025-1d6d125785a0.svg","text":"Incl. mode for skin tightening against cellulite"}},"image_URQbEp":{"type":"image","settings":{"featured_image":"shopify:\/\/shop_images\/3_559e8b0b-666d-402f-b72f-0d354f42a11f.svg","text":"Prevents ingrown hairs & strawberry skin"}},"image_KaHF9U":{"type":"image","settings":{"featured_image":"shopify:\/\/shop_images\/3_559e8b0b-666d-402f-b72f-0d354f42a11f.svg","text":"No skin irritation from constant shaving"}},"image_NBtjJz":{"type":"image","settings":{"featured_image":"shopify:\/\/shop_images\/1_fce5afc6-3c88-4a3d-9025-1d6d125785a0.svg","text":"Full body treatment in just 15 minutes"}},"image_aLqCAJ":{"type":"image","settings":{"featured_image":"shopify:\/\/shop_images\/1_fce5afc6-3c88-4a3d-9025-1d6d125785a0.svg","text":"Works on the wholebody"}},"image_QW4JU9":{"type":"image","settings":{"featured_image":"shopify:\/\/shop_images\/3_559e8b0b-666d-402f-b72f-0d354f42a11f.svg","text":"Gentle, safe & without pain"}},"image_W3WGib":{"type":"image","settings":{"featured_image":"shopify:\/\/shop_images\/3_559e8b0b-666d-402f-b72f-0d354f42a11f.svg","text":"One-time cost, no refills"}},"image_3i7H8A":{"type":"image","settings":{"featured_image":"shopify:\/\/shop_images\/3_559e8b0b-666d-402f-b72f-0d354f42a11f.svg","text":"990,000+ flashes (Lasts 25+ years)"}},"image_BdJbDJ":{"type":"image","settings":{"featured_image":"shopify:\/\/shop_images\/1_fce5afc6-3c88-4a3d-9025-1d6d125785a0.svg","text":"6 intensity levels & 2 modes"}}},"block_order":["image_TDjJkY","image_U3zAFq","image_URQbEp","image_KaHF9U","image_NBtjJz","image_aLqCAJ","image_QW4JU9","image_W3WGib","image_3i7H8A","image_BdJbDJ"],"disabled":true,"settings":{"title":"10 reasons why you will love him:"}},"store_section_84gVrP":{"type":"store-section","disabled":true,"settings":{"title":"YOUNG STARTUP WITH AMBITIONS","sub_title":"The Onlybabe Story","description":"<p>At the time, I was struggling with the same problems as many women: ingrown hairs, constant shaving and excessive hair growth in my intimate area. It felt like a never-ending battle and I was frustrated. So I decided to do something about it and we founded Onlybabe .\"<br\/><br\/>- Alexa Onlybabe Co-Founder<\/p>","about_image":"shopify:\/\/shop_images\/pexels-fauxels-3184419_8c8cb3b4-dd4b-4465-94fe-35ec00af81f8.jpg"}},"help_section_BhQFNc":{"type":"help-section","disabled":true,"settings":{"title":"Does it really help me?","sub_title":"We can promise you a lot, but the only way to really find out is to test it...","description":"<p>But don't worry!You can return it within 100 days.It doesn't matter if the product was opened & used or not (how else would you have tried it?).Once we receive your return, you will receive a full refund.<br\/><br\/> Very easy & without any conditions!<\/p>","about_image":"shopify:\/\/shop_images\/pexels-yan-krukau-8837170.jpg"}},"loox-product-reviews-app-section":{"type":"apps","blocks":{"loox-product-reviews":{"type":"shopify:\/\/apps\/loox-reviews\/blocks\/loox-dynamic-section\/5c3b337f-fd14-4df5-b1d6-80ec13e6e28e","settings":{"only_photos":false,"aggregated":false,"limit":20,"hide_thumbnails":false,"maxwidth":1080}}},"block_order":["loox-product-reviews"],"settings":{"include_margins":false}}},"order":["main","image-with-text","multicolumn","product-recommendations","faq_product_section_kGDGrn","reason_section_EgGYAP","store_section_84gVrP","help_section_BhQFNc","loox-product-reviews-app-section"]}