{"sections":{"61c27fb6-0534-4149-98b0-e4db94f2add5":{"type":"home-banner-section","blocks":{"71491491-cb0e-4fa1-af59-6867140ea6d3":{"type":"Banner_Slider","settings":{"title":"REDEFINING SHAPEWEAR","des":"","btn":"Shop Now","btn_url":"https:\/\/www.sophiaskims.com\/collections\/all"}}},"block_order":["71491491-cb0e-4fa1-af59-6867140ea6d3"],"custom_css":[],"settings":{"bg_img":"shopify:\/\/shop_images\/Untitled_design_e1256638-c89c-478c-a566-10dff5b4f035.png"}},"abe48ea6-c10d-4904-b6e9-29fe16fb77f2":{"type":"featured-on-section","blocks":{"36fd9d9d-0bcb-4fe8-a3ff-9d525d3dae7f":{"type":"image","settings":{"featured_image":"shopify:\/\/shop_images\/logo-1.jpg"}},"e4dcb0aa-a770-40dc-94b1-19f9d993fcfa":{"type":"image","settings":{"featured_image":"shopify:\/\/shop_images\/logo-3.jpg"}},"2510552c-c390-4574-9e12-7944b696838e":{"type":"image","settings":{"featured_image":"shopify:\/\/shop_images\/logo-4.jpg"}},"c1e8886c-567c-49c9-b3c4-df31506905c5":{"type":"image","settings":{"featured_image":"shopify:\/\/shop_images\/logo-2.jpg"}}},"block_order":["36fd9d9d-0bcb-4fe8-a3ff-9d525d3dae7f","e4dcb0aa-a770-40dc-94b1-19f9d993fcfa","2510552c-c390-4574-9e12-7944b696838e","c1e8886c-567c-49c9-b3c4-df31506905c5"],"settings":{"title":"Featured On"}},"3698ac6e-b685-4876-bee4-8a64c6f4e136":{"type":"product-section","settings":{"heading":"products","product_list":["the-kim-bodysuit","the-kim-bodysuit-1","the-kim-bodysuit-2","the-kim-bodysuit-3"],"per_row":4,"limit":4,"button_title":"View All","button_url":"https:\/\/www.sophiaskims.com\/collections\/all"}},"35b11de5-46ed-4aff-920f-bbd7d7ce2474":{"type":"home-about-section","settings":{"about_image":"shopify:\/\/shop_images\/about_Img.png","title":"Lorem Ipsum is simply dummy text of the printing and typesetting industry.","btn_title":"About Sophia Skims","btn_url":"https:\/\/www.sophiaskims.com\/pages\/about-us","description":"<p>It is a long established fact that a reader will be distracted by the readable content of a page when looking at its layout. The point of using Lorem Ipsum is that it has a more-or-less normal distribution.<\/p><p>It is a long established fact that a reader will be distracted by the readable content of a page when looking at its layout. The point of using Lorem Ipsum is that it has a more-or-less normal distribution.<\/p>"}},"eb6188ac-c173-4163-b1fe-c78afa367571":{"type":"free-shipping-section","blocks":{"3b1156c2-c34f-4c37-94d4-fdda1aaef68e":{"type":"list","settings":{"image":"shopify:\/\/shop_images\/ship1.png","title":"Free Shipping","sub":"On order over $1499"}},"37b742cc-eba0-40aa-a987-4776fca1378a":{"type":"list","settings":{"image":"shopify:\/\/shop_images\/ship2.png","title":"Quick Payment","sub":"Online Quick Payment"}},"4e390356-56a6-4b19-b937-b5e2f787f3fb":{"type":"list","settings":{"image":"shopify:\/\/shop_images\/ship3.png","title":"Easy Return","sub":"Return within 24 hours"}},"d5826f65-e966-436d-b043-a6207cc9735f":{"type":"list","settings":{"image":"shopify:\/\/shop_images\/ship4.png","title":"24\/7 Support","sub":"Customer Online Support"}}},"block_order":["3b1156c2-c34f-4c37-94d4-fdda1aaef68e","37b742cc-eba0-40aa-a987-4776fca1378a","4e390356-56a6-4b19-b937-b5e2f787f3fb","d5826f65-e966-436d-b043-a6207cc9735f"],"settings":{}},"05a7c573-377e-4967-9b75-947ea971b926":{"type":"testimonials-section","blocks":{"f3ecb248-b5a3-4374-ab56-d366b2eb735a":{"type":"list","settings":{"sub":"It is a long established fact that a reader will be distracted by the readable content of a page when looking at its layout. The point of using Lorem Ipsum is that it has a more-or-less normal distribution.","image":"shopify:\/\/shop_images\/slide_test.png","title":"Jennifer Forward","image1":"shopify:\/\/shop_images\/star.png","image2":"shopify:\/\/shop_images\/star.png","image3":"shopify:\/\/shop_images\/star.png","image4":"shopify:\/\/shop_images\/star.png","image5":"shopify:\/\/shop_images\/star.png"}},"01fdc3c3-b6a9-46f1-8c03-6e5d28a9564b":{"type":"list","settings":{"sub":"It is a long established fact that a reader will be distracted by the readable content of a page when looking at its layout. The point of using Lorem Ipsum is that it has a more-or-less normal distribution.","image":"shopify:\/\/shop_images\/slide_test.png","title":"Jennifer Forward","image1":"shopify:\/\/shop_images\/star.png","image2":"shopify:\/\/shop_images\/star.png","image3":"shopify:\/\/shop_images\/star.png","image4":"shopify:\/\/shop_images\/star.png","image5":"shopify:\/\/shop_images\/star.png"}},"4ead2bf0-3b2f-4419-a7bc-9c3484e20218":{"type":"list","settings":{"sub":"It is a long established fact that a reader will be distracted by the readable content of a page when looking at its layout. The point of using Lorem Ipsum is that it has a more-or-less normal distribution.","image":"shopify:\/\/shop_images\/slide_test.png","title":"Jennifer Forward","image1":"shopify:\/\/shop_images\/star.png","image2":"shopify:\/\/shop_images\/star.png","image3":"shopify:\/\/shop_images\/star.png","image4":"shopify:\/\/shop_images\/star.png","image5":"shopify:\/\/shop_images\/star.png"}}},"block_order":["f3ecb248-b5a3-4374-ab56-d366b2eb735a","01fdc3c3-b6a9-46f1-8c03-6e5d28a9564b","4ead2bf0-3b2f-4419-a7bc-9c3484e20218"],"settings":{}},"be22c28c-c6fe-4ae7-aa96-d12c3f7e0414":{"type":"news-letter-section","settings":{}},"c069276d-42f2-40c6-8426-f3fb1644d559":{"type":"home-contact-section","settings":{"bg_img":"shopify:\/\/shop_images\/shutterstock_2285320435.jpg","title":"Contact Us","subtitle":""}}},"order":["61c27fb6-0534-4149-98b0-e4db94f2add5","abe48ea6-c10d-4904-b6e9-29fe16fb77f2","3698ac6e-b685-4876-bee4-8a64c6f4e136","35b11de5-46ed-4aff-920f-bbd7d7ce2474","eb6188ac-c173-4163-b1fe-c78afa367571","05a7c573-377e-4967-9b75-947ea971b926","be22c28c-c6fe-4ae7-aa96-d12c3f7e0414","c069276d-42f2-40c6-8426-f3fb1644d559"]}