{"sections":{"main":{"type":"main-page","disabled":true,"settings":{"padding_top":36,"padding_bottom":36}},"e60bec95-0449-4c82-a383-84126ee88d21":{"type":"Contact-banner-section","settings":{"bg_img":"shopify:\/\/shop_images\/image_2024_01_06T11_41_01_740Z.png","title":"Contact Us"}},"bbe4adf4-b9f9-4ba0-bb0e-e65f5695e176":{"type":"get-in-touch-section","blocks":{"c8aec929-1683-4c53-97ea-e5eeff436ee4":{"type":"list","settings":{"listimage":"shopify:\/\/shop_images\/call_img.png","list_url":"tel:1234567890","url_text":"1234567890"}},"f1ab7283-c654-4894-b190-2d114e1a6c34":{"type":"list","settings":{"listimage":"shopify:\/\/shop_images\/msg_img.png","list_url":"mailto:info@sophiaskims.com","url_text":"info@sophiaskims.com"}},"f08a1824-7696-496a-8b31-29604f29c908":{"type":"list","settings":{"listimage":"shopify:\/\/shop_images\/location_img.png","list_url":"#","url_text":"E-65 New York, Street road 1234"}}},"block_order":["c8aec929-1683-4c53-97ea-e5eeff436ee4","f1ab7283-c654-4894-b190-2d114e1a6c34","f08a1824-7696-496a-8b31-29604f29c908"],"settings":{"image":"shopify:\/\/shop_images\/conatct.png"}}},"order":["main","e60bec95-0449-4c82-a383-84126ee88d21","bbe4adf4-b9f9-4ba0-bb0e-e65f5695e176"]}