{"sections":{"main":{"type":"main-product","blocks":{"vendor":{"type":"text","settings":{"text":"{{ product.vendor }}","text_style":"uppercase"}},"title":{"type":"title","settings":{}},"3972df0c-bdff-4d96-a3d5-aa7f072a7108":{"type":"shopify:\/\/apps\/judge-me-reviews\/blocks\/preview_badge\/61ccd3b1-a9f2-4160-9fe9-4fec8413e5d8","settings":{}},"price":{"type":"price","settings":{}},"variant_picker":{"type":"variant_picker","settings":{"picker_type":"button"}},"quantity_selector":{"type":"quantity_selector","settings":{}},"buy_buttons":{"type":"buy_buttons","settings":{"show_dynamic_checkout":true,"show_gift_card_recipient":true}},"share":{"type":"share","settings":{"share_label":"Share"}},"b759fefc-0ca2-4c61-ba79-7157c891a3ef":{"type":"block","settings":{"logo_one":"shopify:\/\/shop_images\/Bitmap.png","logo_two":"shopify:\/\/shop_images\/Screen_Shot_2023-12-08_at_7.07.55_PM_1.png","logo_three":"shopify:\/\/shop_images\/Screen_Shot_2023-12-08_at_7.08.06_PM_1.png"}},"f33c33a8-c209-4762-aee0-0b92f43d2f52":{"type":"block2","settings":{"question":"Money Back Guarantee","answer":"We love our products and are confident that you will too! That’s why we have a 30-day money-back guarantee! If you’re unsatisfied with your order, we will provide you with a full refund within 30 days of delivery.","question1":"Safe & Secure Checkout","answer1":"We use state-of-the-art SSL secure encrypting software to keep your personal and financial information 100% protected"}}},"block_order":["vendor","title","3972df0c-bdff-4d96-a3d5-aa7f072a7108","price","variant_picker","quantity_selector","buy_buttons","share","b759fefc-0ca2-4c61-ba79-7157c891a3ef","f33c33a8-c209-4762-aee0-0b92f43d2f52"],"settings":{"enable_sticky_info":true,"color_scheme":"background-1","media_size":"large","constrain_to_viewport":true,"media_fit":"contain","gallery_layout":"thumbnail_slider","media_position":"left","image_zoom":"lightbox","mobile_thumbnails":"hide","hide_variants":true,"enable_video_looping":false,"padding_top":36,"padding_bottom":12}},"431eb19d-7a61-4c32-96c6-0761d28dd196":{"type":"look-slimmer-section","blocks":{"040768ac-b883-4f4a-ae91-a7b65c0b12c4":{"type":"similar_list","settings":{"title":"Lorem Ipsum is simply dummy text of the printing.","sub_title":"<p>Lorem Ipsum is simply dummy text of the printing.<\/p>"}},"a499c7ea-7811-47c2-b67b-e3c84223caf0":{"type":"similar_list","settings":{"title":"Lorem Ipsum is simply dummy text of the printing.","sub_title":"<p>Lorem Ipsum is simply dummy text of the printing.<\/p>"}}},"block_order":["040768ac-b883-4f4a-ae91-a7b65c0b12c4","a499c7ea-7811-47c2-b67b-e3c84223caf0"],"settings":{"title":"Look Slimmer and Feel More Confident than Ever!","dis":"<p>Our bodysuits are specially designed to snatch your figure, giving you a beautiful fit look ! Boost your confidence and fall in love with your slimmer look today!<\/p>","image":"shopify:\/\/shop_images\/img-45.jpg"}},"0cc860df-71a8-453b-8901-cf4486a8b87e":{"type":"loved-section","settings":{"image":"shopify:\/\/shop_images\/loved_by.png","title":"Loved by100,000+ Women"}},"ebb61e51-d16e-4452-9b98-703ae728e905":{"type":"thong-section","settings":{"heading":"\"THE THONG I WISH I HAD EARLIER\"","paragraph":"<p><span>Finally,<\/span> you can now have the <span>comfort<\/span>and <span>snatched look<\/span> that you've been searching for but could never find.<\/p>\n<p>We listened and created a thong that is<span> SO stretchy<\/span> and <span>soft<\/span> that <span>it feels like a second skin!<\/span><\/p>\n<p>And... it will have your body looking <span>better than ever!<\/span><\/p>","gif_img":"shopify:\/\/shop_images\/ezgif.com-optimize_480x480_480x480_04b17046-2db5-45bb-ae13-5648232459cb.webp"}},"7ce9b593-9962-4c55-b007-acc4d5c02bbc":{"type":"faq-main-section","blocks":{"2be95810-78d6-4bd1-869d-65cb59c63f90":{"type":"faq_list","settings":{"title":"Lorem Ipsum is simply dummy text of the printing and?","des":"<p>Lorem Ipsum is simply dummy text of the printing and?<\/p>"}},"2e9ba446-626f-44cd-a13a-902c2dad0b39":{"type":"faq_list","settings":{"title":"Lorem Ipsum is simply dummy text of the printing and?","des":"<p>Lorem Ipsum is simply dummy text of the printing and?<\/p>"}},"bcea5bcc-57f6-4d59-bc56-fbbcffc58c10":{"type":"faq_list","settings":{"title":"Lorem Ipsum is simply dummy text of the printing and?","des":"<p>Lorem Ipsum is simply dummy text of the printing and?<\/p>"}},"c1e74a20-648d-4181-a483-165d6e131260":{"type":"faq_list","settings":{"title":"Lorem Ipsum is simply dummy text of the printing and?","des":"<p>Lorem Ipsum is simply dummy text of the printing and?<\/p>"}},"e2549601-75dc-49a8-a591-d8458be481fc":{"type":"faq_list","settings":{"title":"Lorem Ipsum is simply dummy text of the printing and?","des":"<p>Lorem Ipsum is simply dummy text of the printing and?<\/p>"}},"dcaa99ac-a398-4c4d-ae86-6aad644f082f":{"type":"faq_list","settings":{"title":"Lorem Ipsum is simply dummy text of the printing and?","des":"<p>Lorem Ipsum is simply dummy text of the printing and?<\/p>"}}},"block_order":["2be95810-78d6-4bd1-869d-65cb59c63f90","2e9ba446-626f-44cd-a13a-902c2dad0b39","bcea5bcc-57f6-4d59-bc56-fbbcffc58c10","c1e74a20-648d-4181-a483-165d6e131260","e2549601-75dc-49a8-a591-d8458be481fc","dcaa99ac-a398-4c4d-ae86-6aad644f082f"],"settings":{}},"807e9caa-20e9-4d6b-9793-d05f4a508843":{"type":"product-testimonial-section","blocks":{"db355d87-eaa0-44b5-8eeb-2282eda87654":{"type":"testimonial_list","settings":{"title":"Linda Cantrell","sub_title":"<p>It is a long established fact that a reader will be distracted by the readable content of a page when looking  at its layout.<\/p>","image":"shopify:\/\/shop_images\/user-1.png"}},"590802c8-a592-4514-9f2a-94041e8b9322":{"type":"testimonial_list","settings":{"title":"Linda Cantrell","sub_title":"<p>It is a long established fact that a reader will be distracted by the readable content of a page when looking  at its layout.<\/p>","image":"shopify:\/\/shop_images\/user-1.png"}},"5b740757-470d-46bd-bb99-4f175f26589c":{"type":"testimonial_list","settings":{"title":"Linda Cantrell","sub_title":"<p>It is a long established fact that a reader will be distracted by the readable content of a page when looking  at its layout.<\/p>","image":"shopify:\/\/shop_images\/user-1.png"}},"e6269f2d-df40-4747-9d30-87299b0c30b1":{"type":"testimonial_list","settings":{"title":"Linda Cantrell","sub_title":"<p>It is a long established fact that a reader will be distracted by the readable content of a page when looking  at its layout.<\/p>","image":"shopify:\/\/shop_images\/user-1.png"}}},"block_order":["db355d87-eaa0-44b5-8eeb-2282eda87654","590802c8-a592-4514-9f2a-94041e8b9322","5b740757-470d-46bd-bb99-4f175f26589c","e6269f2d-df40-4747-9d30-87299b0c30b1"],"settings":{"title":"What Customer Say About Us","left_image":"shopify:\/\/shop_images\/le_ft.png","right_image":"shopify:\/\/shop_images\/ri_ght.png"}},"b48e9d92-312f-44e4-8a33-9c805b8cdb86":{"type":"icon-section","blocks":{"75e58eac-665e-4907-aa84-4653bab61df4":{"type":"icon_list","settings":{"title":"Produced And Made With Love","image":"shopify:\/\/shop_images\/heart-1.png"}},"88728846-c05e-4f7e-a7b1-024b9ce09827":{"type":"icon_list","settings":{"title":"Insured Shipping Worldwide","image":"shopify:\/\/shop_images\/world-1.png"}},"c72f17e6-fa45-4baf-818b-8734307b0b82":{"type":"icon_list","settings":{"title":"1000+ 5 Star Reviews","image":"shopify:\/\/shop_images\/star-1.png"}}},"block_order":["75e58eac-665e-4907-aa84-4653bab61df4","88728846-c05e-4f7e-a7b1-024b9ce09827","c72f17e6-fa45-4baf-818b-8734307b0b82"],"settings":{}},"d8a1ee96-932c-4759-839c-3b8c1ece1bf3":{"type":"social-section","blocks":{"101cccd4-4509-4490-95d0-b9c1cb047b6b":{"type":"icon_list","settings":{"i_url":"#","image":"shopify:\/\/shop_images\/fb.png"}},"0cb85d64-dc31-4b15-9998-277917fae7b9":{"type":"icon_list","settings":{"i_url":"#","image":"shopify:\/\/shop_images\/in.png"}},"aa7e1cd8-ff21-402f-b024-a3d50c7c3ff0":{"type":"icon_list","settings":{"i_url":"#","image":"shopify:\/\/shop_images\/ti.png"}}},"block_order":["101cccd4-4509-4490-95d0-b9c1cb047b6b","0cb85d64-dc31-4b15-9998-277917fae7b9","aa7e1cd8-ff21-402f-b024-a3d50c7c3ff0"],"settings":{}},"related-products":{"type":"related-products","disabled":true,"settings":{"heading":"You may also like","heading_size":"h2","products_to_show":4,"columns_desktop":4,"color_scheme":"background-1","image_ratio":"square","image_shape":"default","show_secondary_image":true,"show_vendor":false,"show_rating":false,"columns_mobile":"2","padding_top":36,"padding_bottom":28}},"17020276083d567912":{"type":"apps","blocks":{"a5307cdf-7d20-4e31-a4a3-60a01cc41fcd":{"type":"shopify:\/\/apps\/judge-me-reviews\/blocks\/review_widget\/61ccd3b1-a9f2-4160-9fe9-4fec8413e5d8","settings":{}}},"block_order":["a5307cdf-7d20-4e31-a4a3-60a01cc41fcd"],"settings":{"include_margins":true}}},"order":["main","431eb19d-7a61-4c32-96c6-0761d28dd196","0cc860df-71a8-453b-8901-cf4486a8b87e","ebb61e51-d16e-4452-9b98-703ae728e905","7ce9b593-9962-4c55-b007-acc4d5c02bbc","807e9caa-20e9-4d6b-9793-d05f4a508843","b48e9d92-312f-44e4-8a33-9c805b8cdb86","d8a1ee96-932c-4759-839c-3b8c1ece1bf3","related-products","17020276083d567912"]}