{"type":"footer","name":"Footer","sections":{"footer-main":{"type":"footer-main","blocks":{"image_WHq3Ki":{"type":"image","settings":{"sub_title":"<p>Address<\/p><p>2020 28 th St, Bedford, IN 47421. U.S.<\/p><p><a href=\"tel: 1 (812) 276-7956 \" title=\"tel: 1 (812) 276-7956 \"> tel: 1 (812) 276-7956<\/a><\/p><p>derek@johnnysledfactory.com<\/p>","image":"shopify:\/\/shop_images\/JohnnysLEDfactory-Logo.png","image_max_width":100,"link":"https:\/\/johnnysledfactory.com\/","title":""}},"block_2":{"type":"menu","settings":{"menu_title":"ACCOUNT","footer_linklist":"account"}},"menu_wDnd7U":{"type":"menu","settings":{"menu_title":"Help","footer_linklist":"help"}},"menu_kXkGaR":{"type":"menu","settings":{"menu_title":"ABOUT","footer_linklist":"about"}},"image_CFYJf3":{"type":"image","settings":{"sub_title":"","image":"shopify:\/\/shop_images\/Group_25.png","image_max_width":100,"link":"shopify:\/\/pages\/gift-card-form","title":"GIFT  <br>CARD"}},"text_CqJ8pp":{"type":"text","disabled":true,"settings":{"title":"We’d love to talk.","richtext":"<p>Address<\/p><p>2020 28 th St, Bedford, IN 47421. U.S.<\/p>"}},"social_bJbixC":{"type":"social","settings":{"menu_title":"Get connected"}}},"block_order":["image_WHq3Ki","block_2","menu_wDnd7U","menu_kXkGaR","image_CFYJf3","text_CqJ8pp","social_bJbixC"],"settings":{"alignment":"center"}},"footer-bottom":{"type":"footer-bottom","disabled":true,"settings":{"show_methods_of_payment":false,"enable_country_selector":false,"enable_locale_selector":false}}},"order":["footer-main","footer-bottom"]}