{"type":"header","name":"Header","sections":{"announcement-bar":{"type":"announcement-bar","blocks":{"announcement-1":{"type":"announcement","settings":{"announcement_text":"<p>Unlock 10% off first order! <a href=\"https:\/\/johnnysledfactory.com\/pages\/10-off-first-order-page\" title=\"https:\/\/johnnysledfactory.com\/pages\/10-off-first-order-page\">Learn more<\/a><\/p>"}},"announcement-0":{"type":"announcement","settings":{"announcement_text":"<p>SHOP THE EXCLUSIVE <a href=\"\/pages\/all-collection\" title=\"All Collection\">COLLECTION<\/a><\/p>"}},"announcement_MAFJ77":{"type":"announcement","settings":{"announcement_text":"<p>Check Out Our Collection <a href=\"\/pages\/all-collection\" title=\"All Collection\">here!<\/a><\/p>"}}},"block_order":["announcement-1","announcement-0","announcement_MAFJ77"],"settings":{"notification-bar--background-color":"#ffffff","notification-bar--text-color":"#000000","menu":"","multi_msg_nav":true,"social-enable":false,"enable_country_selector":true,"enable_locale_selector":false,"announcement-font":"body","announcement-font-size":16,"section_width":"full","padding_top":8,"padding_bottom":8}},"header":{"type":"header","settings":{"sticky_header":false,"overlay_header":true,"logo":"shopify:\/\/shop_images\/JohnnysLEDfactory-Logo.png","logo_max_width":240,"logo_max_width_mobile":90,"sticky_header_logo":true,"search-enable":true,"label-enable":false,"icon-size":"20","cart-style":"shopping-cart","cart-number":"none","main_linklist":"main-menu","nav-placement":"center"}}},"order":["announcement-bar","header"]}