{"current":{"font-color":"#242424","link-color":"#ffffff","active-link-color":"{{ shop.brand.colors.primary[1].background }}","bg_color":"#797979","header-background-color":"#ffffff","header-text-color":"#2e2e2e","header-overlay-text-color":"#ffffff","sticky-header-background-color":"#ffffff","sticky-header-text-color":"#2e2e2e","sidebar-navigation--background-color":"#dadada","sidebar-navigation--text-color":"#fafafa","footer-background-color":"#c7c7c7","footer-text-color":"#ffffff","add-to-cart-background-color":"#797979","add-to-cart-background-hover-color":"#3a3a3a","add-to-cart-text-color":"#2e2e2e","pop-up-background-color":"#fff","pop-up-text-color":"#242424","colorSchemeLightBackground":"#F2F2F2","colorSchemeLightText":"#464646","colorSchemeLightLink":"#464646","colorSchemeLightLinkActive":"#575757","colorSchemeFeatureBackground":"#DEDEDE","colorSchemeFeatureText":"#fafafa","colorSchemeFeatureLink":"#464646","colorSchemeFeatureLinkActive":"#464646","colorSchemeDarkBackground":"#2E2E2E","colorSchemeDarkText":"#464646","colorSchemeDarkLink":"#464646","colorSchemeDarkLinkActive":"#575757","color_image_overlay_text":"#fafafa","color_image_overlay":"#242424","image_overlay_opacity":20,"sale-label-color":"#DEDEDE","sale-label-text-color":"#FFFFFF","sale_badge":true,"sold-out-badge-color":"#242424","sold-out-badge-text-color":"#fafafa","sold_out_badge":true,"type_header_font":"sackers_square_gothic_n4","heading-case":"lowercase","heading--base-size":"small","subheading--font":"sackers_square_gothic_n4","subheading--case":"lowercase","type_base_font":"raleway_n4","typography-body-font-size":19,"navigation--font":"body","navigation--capitalize":false,"buttons--font":"body","buttons--capitalize":false,"cart-type":"drawer","cart-action":"cart","enable-additional-checkout-buttons":false,"allow_note":false,"enable_continue_shopping":true,"enable_terms_conditions":false,"terms_conditions_link":"shopify:\/\/pages\/terms-and-conditions","enable_store_pickup":true,"variant_style":"swatches","image_swatch_option":"Material","pick_an_option":false,"hover-effect":"zoom","product-grid":"square","back_to_top_homepage":true,"back_to_top_collection":true,"back_to_top_product":true,"back_to_top_all":true,"sm_facebook_link":"https:\/\/www.facebook.com\/people\/Johnnys-LED-Factory\/61556179113332\/","sm_instagram_link":"https:\/\/www.instagram.com\/johnnys_led_factory\/","popup--enable":false,"popup--test-mode":false,"pop-up-text-header-text":"Join Our Email List!","pop-up-text-description-text":"<p>Be the first to know about our latest products, special promotions, and exclusive discounts by joining our mailing list. Sign up now and receive a special incentive as a thank you for becoming a valued member of our community.<\/p>","popup-delay":8,"popup--show-social-icons":true,"popup--show-newsletter":false,"favicon":"shopify:\/\/shop_images\/Screen_Shot_2024-02-21_at_9.44.41_PM.png","predictive_search_show_price":true,"animations_enabled":true,"checkout_logo_image":"shopify:\/\/shop_images\/JohnnysLEDfactory-Logo.png","checkout_logo_position":"center","checkout_logo_size":"large","sticky-header-border-color":"#f0f0f0","sections":{"faq-section":{"type":"faq-section","blocks":{"faq_list_one_pMU8Fg":{"type":"FAQ-List-One","settings":{"Prod_question":"What are the neon signs made of?","prod_answer":"<p>A Neon LED is led lighting encased in rubber silicone.When lit, the tubing looks very similar, or<br\/>nearly identical to Glass Neon tubing. <\/p>"}},"faq_list_one_J7kBpa":{"type":"FAQ-List-One","settings":{"Prod_question":"What are the advantages and disadvantages of Neon LED VS Glass?","prod_answer":"<p>Disadvantage of LED VS Glass, is that Glass Neon is more suitable for long term, outdoor, weather exposed applications.<\/p><p>However, the <br\/>advantages are endless:<\/p><p>-Can be shaped into many more intricate designs than<br\/>glass<\/p><p>-Does Not Get Hot<\/p><p>-Does Not rupture and shattered when dropped or hit<\/p><p>-Much more durable<\/p><p>-List goes on<\/p>"}},"faq_list_one_tcdTFK":{"type":"FAQ-List-One","settings":{"Prod_question":"What is the difference between clear backing and printed backing?","prod_answer":"<p>Clear backing refers to a neon sign that uses clear polycarbonate with the Neon LED affixed to the front.<\/p><p>A  printed backing uses that same  polycarbonate--- but has an image, and\/or colors printed onto the back of the clear polycarbonate.  This allows the ability to create many different, beautiful Neon LED works or art, and logos<\/p>"}},"faq_list_one_eB3ajd":{"type":"FAQ-List-One","settings":{"Prod_question":"What kind of designs can be made with Neon LED?","prod_answer":"<p>At Johnny’s LED Factory, our design possibilities are endless. Our designers are in-house, as well as our<br\/>entire production team and facility. Whatever the idea is, we can make it.<\/p><p>You can create your own working in minutes using our <em><strong>\"Create Your Own Text\" <\/strong><\/em>feature.   We have a large inventory of already designed sign you can choose from in our <em><strong>\"Shop Our Catalog\"<\/strong><\/em> section.    Or,  let us take your idea, logo or illustration and transform it into Neon LED  in the<em><strong> \"Custom Neon Photos and Logo\" <\/strong><\/em>section.<\/p><h2><\/h2><p><\/p><p><\/p>"}},"faq_list_one_zact7k":{"type":"FAQ-List-One","settings":{"Prod_question":"What sets Johnny’s LED Factory apart from competitors?","prod_answer":"<p>A number of key things: <br\/>For starters- all designs are produced in house, and we are<br\/>manufacturing, packaging and shipping all in-house at the same location.  We have total control over each item start to<br\/>finish.  <\/p><p>Another substantial variant is that most sellers of Neon<br\/>LED   DO NOT have the ability to print ink on to the backing of the acrylic. <\/p><p> We do.  Not all signs call for this; there are many signs that lend themselves well to a clear backing.  However, the design capabilities are far greater with our ability to direct print onto the clear backing, in addition to using Neon LED.  <\/p>"}},"faq_list_two_HYf3Pf":{"type":"FAQ-List-Two","settings":{"answer_question":"Where do you ship to, and how long does it take?","answer_answer":"<p>We can ship packages all over the world.   Please select from 1 of 4 plug styles at checkout.   We ship directly from our facility in Bedford, IN  U.S.A. usually 4-7 days after an order is placed.  <\/p>"}},"faq_list_two_pW4V69":{"type":"FAQ-List-Two","settings":{"answer_question":"How long do the neon signs take to arrive?","answer_answer":"<p>From the time we receive an order, most signs are made within   2-5 business days depending on our workload, then they are packaged and shipped.   You can select from 2 different shipping options.  <\/p><p>Feel free to contact us directly for rush production and shipping quote above and beyond standard shipping time, if needed. <\/p>"}},"faq_list_two_FLxBEk":{"type":"FAQ-List-Two","settings":{"answer_question":"What happens if my neon sign arrives damaged?","answer_answer":"<p>In the event your sign arrives damaged, or does not work upon arrival,  please send us pictures and video of the issue.  We will do our best to remedy the situation.<\/p><p>We do not accept returns for any LED Signage unless pre-authorized.  <\/p>"}},"faq_list_three_NGMq6b":{"type":"FAQ-List-Three","settings":{"question_Prod":"How do custom designs work?","answer_prod":"<p>For custom designs, just start by contacting us on our \"Custom Designs and Logos\" page.  Here, you can fill out a form with key details about your project.<\/p><p>Please include as much detail as possible about your project, as well as a high quality file of something that you are interested in making into a custom Neon LED Artwork. <\/p><p>We will contact you via EMAIL to discuss your project and provide you with an idea about cost and production.<\/p>"}},"faq_list_three_D7gYaz":{"type":"FAQ-List-Three","settings":{"question_Prod":"What if I don't have a file or image to start with?","answer_prod":"<p>No file, no problem.  We can create a design from scratch for you!  Based on a description of your project, the size and what you are wanting, we can give you an idea about cost and production time.<\/p><p>To discuss a project and give an approximate quote, is free.   However,  we do charge for custom design work.<\/p><p>To create a design from total scratch, we would charge upfront for logo design ad mock-up, and then a charge for production of Neon LED Artwork<\/p>"}},"faq_list_three_QKf3UB":{"type":"FAQ-List-Three","settings":{"question_Prod":"How Much Is a Custom Design?","answer_prod":"<p>Pricing for a custom design depends on several factors including, but not limited to:<\/p><p>-Do you have a file to start with, or are we creating from scratch?<\/p><p>-If you do have a file, is it high quality or do we have to spend time re-creating it to make it print worthy?<\/p><p>-How complex the design is, from the design, or drawing itself.   And, most importantly- how complex are the neons to assemble.  <\/p><p>Designs that have letters, sharp bends, and connection points take more time to assemble<\/p><p>-Overall physical size of the project<\/p><p>Small custom projects will start around $350 for pieces in the 20-24\" inch range. <\/p><p>Medium sizes may range from  $500-$1000 depending on complexity, and larger sizes could be $1000+ depending on size and complexity.<\/p><p><\/p><p><\/p><p><\/p><p><\/p><p><\/p>"}}},"block_order":["faq_list_one_pMU8Fg","faq_list_one_J7kBpa","faq_list_one_tcdTFK","faq_list_one_eB3ajd","faq_list_one_zact7k","faq_list_two_HYf3Pf","faq_list_two_pW4V69","faq_list_two_FLxBEk","faq_list_three_NGMq6b","faq_list_three_D7gYaz","faq_list_three_QKf3UB"],"settings":{"bg_img":"shopify:\/\/shop_images\/Rectangle_71.png","title":"FAQ","sub_title":"Hello. How can we help you?","faq_title_one":"Production\/Manufacturing FAQ","faq_title_two":"Orders, Shipping, and Returns","faq_title_three":"Custom Orders and designs"}},"create-text-section":{"type":"create-text-section","settings":{}},"shop-our-catlog-banner":{"type":"shop-our-catlog-banner","settings":{"bg_img":"shopify:\/\/shop_images\/Rectangle_71.png","title":"Shop Our <br> Catalog","img_one":"shopify:\/\/shop_images\/img-12.png","img_two":"shopify:\/\/shop_images\/img-13.png","img_three":"shopify:\/\/shop_images\/img-14.png"}},"catlog-custom-section":{"type":"catlog-custom-section","blocks":{"collection_dWiYAR":{"type":"collection","settings":{"collection":"shop-all","per_row":4,"limit":4}},"collection_iWpLjY":{"type":"collection","settings":{"collection":"cities-and-states","per_row":4,"limit":4}},"collection_7qzRih":{"type":"collection","settings":{"collection":"love-and-romance","per_row":4,"limit":4}},"collection_mFf9FK":{"type":"collection","settings":{"collection":"latin-flare","per_row":3,"limit":4}},"collection_FUrWp7":{"type":"collection","settings":{"collection":"totally-rad","per_row":4,"limit":4}},"collection_VLcJfY":{"type":"collection","settings":{"collection":"automotive","per_row":4,"limit":4}},"collection_k6ijnV":{"type":"collection","settings":{"collection":"bar-signs","per_row":4,"limit":4}},"collection_at6kpq":{"type":"collection","settings":{"collection":"animals","per_row":4,"limit":4}},"collection_mfHmFY":{"type":"collection","settings":{"collection":"tropical","per_row":4,"limit":4}},"collection_DtFkcm":{"type":"collection","settings":{"collection":"sports","per_row":4,"limit":4}},"collection_HPzr7g":{"type":"collection","disabled":true,"settings":{"collection":"smiley","per_row":4,"limit":4}},"collection_jFJJAB":{"type":"collection","settings":{"collection":"more","per_row":4,"limit":4}},"collection_7y86mg":{"type":"collection","settings":{"collection":"food","per_row":4,"limit":4}}},"block_order":["collection_dWiYAR","collection_iWpLjY","collection_7qzRih","collection_mFf9FK","collection_FUrWp7","collection_VLcJfY","collection_k6ijnV","collection_at6kpq","collection_mfHmFY","collection_DtFkcm","collection_HPzr7g","collection_jFJJAB","collection_7y86mg"],"settings":{"contact_title":"If you have any questions Please feel free to contact us We will answer you soon","contact_btn":"Contact Us","contact_url":"shopify:\/\/pages\/contact"}},"photos-logo-banner-section":{"type":"photos-logo-banner-section","settings":{"bg_img":"shopify:\/\/shop_images\/Rectangle_71.png","title":"LET'S CREATE YOUR Photos and Logos","sub_title":"Bring your dream to reality","img_one":"shopify:\/\/shop_images\/img-26.png","img_two":"shopify:\/\/shop_images\/img-27.png","discount_text":"<h3>10<\/h3><span>%<br>OFF<\/span>","discount_sub_text":"first order!","img_three":"shopify:\/\/shop_images\/img-29.png","btn_text":"GET A FREE QUOTE","btn_url":"shopify:\/\/pages\/custom-neon-photos-and-logo"}},"logos-slider":{"type":"logos-slider","blocks":{"image_slider_LLCkJY":{"type":"Image-Slider","settings":{"img":"shopify:\/\/shop_images\/SliderSection_JellyFish.jpg"}},"image_slider_JzBk6R":{"type":"Image-Slider","settings":{"img":"shopify:\/\/shop_images\/SliderSection_Alien.jpg"}},"image_slider_8RVRry":{"type":"Image-Slider","settings":{"img":"shopify:\/\/shop_images\/SliderSection_Mushrooms.jpg"}},"image_slider_C3Mjj9":{"type":"Image-Slider","settings":{"img":"shopify:\/\/shop_images\/SliderSection_Pizza.jpg"}},"image_slider_RwHptU":{"type":"Image-Slider","settings":{"img":"shopify:\/\/shop_images\/SliderSection_Robot.jpg"}},"image_slider_aYXqjk":{"type":"Image-Slider","settings":{"img":"shopify:\/\/shop_images\/SliderSection_Earth.jpg"}},"image_slider_CT8tt3":{"type":"Image-Slider","settings":{"img":"shopify:\/\/shop_images\/SliderSection_USA.jpg"}}},"block_order":["image_slider_LLCkJY","image_slider_JzBk6R","image_slider_8RVRry","image_slider_C3Mjj9","image_slider_RwHptU","image_slider_aYXqjk","image_slider_CT8tt3"],"settings":{}},"trust-us-section":{"type":"trust-us-section","settings":{"title":""}},"newsletter--newsletter":{"type":"newsletter--newsletter","settings":{"colors":"light","subheading":"","img":"shopify:\/\/shop_images\/Gaming-Character.jpg","back_img":"shopify:\/\/shop_images\/news_background.jpg","text":"15% discount code for joining our neon family.<br>\nSave now!.","title":"JOIN US & MAKE YOUR MARK","newsletter_description":"<p><strong>Join our mailing list and be the first to hear about new products and offers!<\/strong><\/p>","section_width":"container","padding_top":50,"padding_bottom":50}},"business-section":{"type":"business-section","settings":{"bga_img":"shopify:\/\/shop_images\/Rectangle_133.png","title":"A NEON FOR YOUR <br>BUSINESS?","sub_title":"Stand out from the crowd with a custom LED neon sign <br> from Johnnys Led Factory","btn":"Get In Touch","btn_url":"shopify:\/\/pages\/contact","bg_img":"shopify:\/\/shop_images\/NeonForYourBusiness_483x485_b127fc59-66f8-473e-a02d-d3ca650d8c99.png"}},"installation-section":{"type":"installation-section","blocks":{"video_r9HrjD":{"type":"Video","settings":{"video_title":"Facility Tour","video_dis":"<p>Take a brief tour of our facility with Derek!<\/p>","video_url":"https:\/\/cdn.shopify.com\/videos\/c\/o\/v\/8dc34917cf9943b1bdd56aa48a8b8c86.mp4"}}},"block_order":["video_r9HrjD"],"settings":{"title":"Videos for Our Customers!"}},"photos-logos-testimonial":{"type":"photos-logos-testimonial","blocks":{"testimonial_list_ywz363":{"type":"Testimonial-list","settings":{"testimonial_title":"IT WAS A GREAT EXPERIENCE!!","desc":"Ordered a new neon sign for our gaming room, and it was awesome. Got the large gaming remote neon, arrived in about a week.","testi_img":"shopify:\/\/shop_images\/TestimonialPic1_82x82_b840d87d-cea4-4ac6-bab0-32040fdd52c2.png","testimonial_name":"Ivan Ly","testimonial_dis":"Houston, TX"}},"testimonial_list_TkieFe":{"type":"Testimonial-list","settings":{"testimonial_title":"Pool Bar Paradise!","desc":"Love our new neon sign from Johnny's LED Factory. Look great and lights up our pool bar beautifully!","testi_img":"shopify:\/\/shop_images\/TestimonialPic2_82x82_3b12cc43-60b0-4fae-84dd-e237e011b8a9.png","testimonial_name":"Deanna Abel","testimonial_dis":"Bedford, IN"}},"testimonial_list_zP4bGh":{"type":"Testimonial-list","settings":{"testimonial_title":"SHOTS!!","desc":"Love our new SHOTS! neon sign from Derek and Johnny's LEF Factory!  Time  for SHOTS!","testi_img":"shopify:\/\/shop_images\/TestimonialPic3_82x82_707634e3-50ef-4ec3-8fb4-70fe28260ade.png","testimonial_name":"Chris Farano","testimonial_dis":"San Diego, CA"}}},"block_order":["testimonial_list_ywz363","testimonial_list_TkieFe","testimonial_list_zP4bGh"],"settings":{"title":"LOVE FOR US","bg_img":"shopify:\/\/shop_images\/Rectangle_58.png"}},"all-collection":{"type":"all-collection","settings":{"bg_img":"shopify:\/\/shop_images\/Rectangle_71.png","title":"SHOP All\nCATALOG","img_one":"shopify:\/\/shop_images\/Greystone_174x174_46a057ae-46ee-4961-b4f1-d0b9956beaa1.png","img_two":"shopify:\/\/shop_images\/SaleSign.jpg","img_three":"shopify:\/\/shop_images\/JS_Neon_Logo_0fb7f294-ad37-4e15-9e28-48bc31d161f1.png","contact_title":"If you have any question Please feel free to contact us We will answer you soon","contact_btn":"Contact Us","contact_url":"shopify:\/\/pages\/contact"}},"Form-photo-logo-section":{"type":"Form-photo-logo-section","settings":{"form":"<section class=\" Custom_Neon_page_form\">\n<div class=\"container\">\n<div class=\"aaa_formbuilder_container\" style=\" margin: 0 auto; float: none; \">\n<div class=\"form_heading\">\n    <h2> Get a Free Quote<\/h2>\n    <p>Looking for a text-based nen sign? <a href=\"https:\/\/johnnysledfactory.com\/pages\/upload-your-logo\"> Design now!<\/a><\/p>\n  <\/div>\n  <form method=\"post\" action=\"\" class=\"aaaformbuilder_form  aaa_formbuilder_form_id_16580\" enctype=\"multipart\/form-data\">\n    <div class=\"first_dv\">\n        <h3 class=\"\n    heading--form\n  \n text-[20px] font-normal px-2\">Design<\/h3>\n        <div class=\"bth_btns\">\n            <ul>\n                <li class=\"\">\n            <a href=\"\" class=\"individual active\">Individual<\/a>\n<\/li>\n        <li><a href=\"\" class=\"business\">Business<\/a><\/li>\n        <\/ul>\n        <\/div>\n    <input type=\"hidden\" name=\"url\" class=\"get_current_page_url\" value=\"\">\n    <input type=\"hidden\" name=\"container_id\" value=\"\">\n    <input type=\"hidden\" name=\"form_id\" value=\"16580\">\n    <input type=\"hidden\" name=\"form_domain\" value=\"f1d67b.myshopify.com\">\n    <input type=\"hidden\" name=\"\" value=\"Thank You! We'll be in touch\" class=\"success_msg\">\n    <input type=\"hidden\" name=\"\" value=\"Please fill all the required fields\" class=\"error_msg\">\n    <input type=\"hidden\" name=\"\" value=\"Please enter a valid email address.\" class=\"emailerror_msg\">\n    <input type=\"hidden\" name=\"\" value=\"\" class=\"aaa_thankyoupageurl\">\n    <input type=\"hidden\" name=\"uploadeLimit\" class=\"formUploadLimit\" value=\"10\">\n    <input type=\"hidden\" name=\"allowefiletype\" class=\"allowedfiletype\" value=\"\">\n    <input type=\"hidden\" name=\"conditionallogic\" class=\"conditionallogic\" value=\"\">\n    <div class=\"fb-file form-group field-file-1711951908843\">\n      <label for=\"file-1711951908843\" class=\"fb-file-label\" style=\"color: rgb(74, 74, 74);\">File Upload <\/label>\n      <input type=\"file\" class=\"form-control\" name=\"file-1711951908843\" id=\"file-1711951908843\">\n    <\/div>\n    <div class=\"fb-text form-group field-text-1711951920714\">\n      <label for=\"text-1711951920714\" class=\"fb-text-label\" style=\"color: rgb(74, 74, 74);\">Describe your project <span class=\"required\">*<\/span>\n      <\/label>\n      <input type=\"text\" required=\"\" class=\"form-control\" name=\"text-1711951920714\" id=\"text-1711951920714\" aria-required=\"true\">\n    <\/div>\n    <div class=\"fb-select form-group field-select-1711951948890\">\n      <label for=\"select-1711951948890\" class=\"fb-select-label\" style=\"color: rgb(74, 74, 74);\">What size do you need?* <\/label>\n      <select type=\"select\" class=\"form-control\" name=\"select-1711951948890\" id=\"select-1711951948890\">\n        <option value=\"Select\" selected>Select<\/option>\n        <option value=\"small(20-27 inches)\">small(20-27 inches)<\/option>\n        <option value=\"medium(27-40 inches)\">medium(27-40 inches)<\/option>\n        <option value=\"Large(27-47 inches)\">Large(27-47 inches)<\/option>\n        <option value=\"Extra Large(47-60 inches)\">Extra Large(47-60 inches)<\/option>\n      <\/select>\n    <\/div>\n    <div class=\"fb-select form-group field-select-1711951974626\">\n      <label for=\"select-1711951974626\" class=\"fb-select-label\" style=\"color: rgb(74, 74, 74);\">Quantity needed? <\/label>\n      <select type=\"select\" class=\"form-control\" name=\"select-1711951974626\" id=\"select-1711951974626\">\n        <option value=\"Select\" selected>Select<\/option>\n        <option value=\"1\">1<\/option>\n        <option value=\"2-5\">2-5<\/option>\n        <option value=\"5-10\">5-10<\/option>\n        <option value=\"10+\">10+<\/option>\n      <\/select>\n    <\/div>\n    <div class=\"fb-select form-group field-select-1711952042242\">\n      <label for=\"select-1711952042242\" class=\"fb-select-label\" style=\"color: rgb(74, 74, 74);\">How did you hear about us?* <\/label>\n      <select type=\"select\" class=\"form-control\" name=\"select-1711952042242\" id=\"select-1711952042242\">\n        <option value=\"select\" selected>Select<\/option>\n        <option value=\"I'm already a customer\">I'm already a customer<\/option>\n        <option value=\"Google\">Google<\/option>\n        <option value=\"Instagram\/Facebook\">Instagram\/Facebook<\/option>\n        <option value=\"LinkedIn\">LinkedIn<\/option>\n        <option value=\"Etsy\">Etsy<\/option>\n        <option value=\"Tiktok\">Tiktok<\/option>\n        <option value=\"Snapchat\">Snapchat<\/option>\n        <option value=\"Pinterest\">Pinterest<\/option>\n        <option value=\"Press\">Press<\/option>\n        <option value=\"Referral\">Referral<\/option>\n        <option value=\"Email\">Email<\/option>\n        <option value=\"Influencer\">Influencer<\/option>\n        <option value=\"Collaboration\">Collaboration<\/option>\n        <option value=\"Exhibition \/ Trade Show\">Exhibition \/ Trade Show<\/option>\n        <option value=\"Store walk-in\">Store walk-in<\/option>\n      <\/select>\n    <\/div>\n    <div class=\"fb-select form-group field-select-1711952102264\">\n      <label for=\"select-1711952102264\" class=\"fb-select-label\" style=\"color: rgb(74, 74, 74);\">When do you need it? <span class=\"required\">*<\/span>\n      <\/label>\n      <select type=\"select\" required=\"\" class=\"form-control\" name=\"select-1711952102264\" id=\"select-1711952102264\" aria-required=\"true\">\n        <option value=\"Select\" selected>Select<\/option>\n        <option value=\"7-15 days\">7-15 days<\/option>\n        <option value=\"15-30 days\">15-30 days<\/option>\n        <option value=\"1-2 month\">1-2 month<\/option>\n        <option value=\"2+ month\">2+ month<\/option>\n        <option value=\"I'm just shopping around\">I'm just shopping around<\/option>\n      <\/select>\n    <\/div>\n\t\n\t<\/div>\n\t      <div class=\"second_dv\">\n\t\t          <h3 class=\"heading--form\n  \n text-[20px] font-normal px-2\">Contact<\/h3>\n   <div class=\"first_class_last\">\n    <div class=\"fb-text form-group field-text-1711952205136\">\n      <label for=\"text-1711952205136\" class=\"fb-text-label\" style=\"color: rgb(74, 74, 74);\">First Name <span class=\"required\">*<\/span>\n      <\/label>\n      <input type=\"text\" required=\"\" class=\"form-control\" name=\"text-1711952205136\" id=\"text-1711952205136\" aria-required=\"true\">\n    <\/div>\n    <div class=\"fb-text form-group field-text-202441324711\">\n      <label for=\"text-202441324711\" class=\"fb-text-label\" style=\"color: rgb(74, 74, 74);\"> Last Name <span class=\"required\">*<\/span>\n      <\/label>\n      <input type=\"text\" required=\"\" class=\"form-control\" name=\"text-202441324711\" id=\"text-202441324711\" aria-required=\"true\">\n    <\/div>\n\t<\/div>\n    <div class=\"fb-email form-group field-replyemail\">\n      <label for=\"replyemail\" class=\"fb-email-label\" style=\"color: rgb(74, 74, 74);\">Email <\/label>\n      <input type=\"email\" class=\"form-control\" name=\"replyemail\" id=\"replyemail\">\n    <\/div>\n\t  <div class=\"first_class_last\">\n    <div class=\"fb-text form-group field-text-202441304911\">\n      <label for=\"text-202441304911\" class=\"fb-text-label\" style=\"color: rgb(74, 74, 74);\">Country Code <span class=\"required\">*<\/span>\n      <\/label>\n      <input type=\"text\" required=\"\" class=\"form-control\" name=\"text-202441304911\" id=\"text-202441304911\" aria-required=\"true\">\n    <\/div>\n    <div class=\"fb-tel form-group field-text-202441595011\">\n      <label for=\"text-202441595011\" class=\"fb-tel-label\" style=\"color: rgb(74, 74, 74);\">Phone Number <\/label>\n      <input type=\"tel\" class=\"form-control\" name=\"text-202441595011\" id=\"text-202441595011\">\n    <\/div>\n\t<\/div>\n    <div class=\"fb-select form-group field-aaa-form-builder-country\">\n      <label for=\"aaa-form-builder-country\" class=\"fb-select-label\" style=\"color: rgb(74, 74, 74);\">Country <\/label>\n      <select type=\"select\" class=\"form-control\" name=\"aaa-form-builder-country\" id=\"aaa-form-builder-country\">\n        <option value=\"United States\" selected>United States<\/option>\n        <option value=\"Canada\">Canada<\/option>\n        <option value=\"china\">China<\/option>\n        <option value=\"United Kingdom\">United Kingdom<\/option>\n        <option value=\"Afghanistan\">Afghanistan<\/option>\n        <option value=\"Albania\">Albania<\/option>\n        <option value=\"Algeria\">Algeria<\/option>\n        <option value=\"Andorra\">Andorra<\/option>\n        <option value=\"Angola\">Angola<\/option>\n        <option value=\"Antigua And Barbuda\">Antigua And Barbuda<\/option>\n        <option value=\"Argentina\">Argentina<\/option>\n        <option value=\"Armenia\">Armenia<\/option>\n        <option value=\"Aruba\">Aruba<\/option>\n        <option value=\"Australia\">Australia<\/option>\n        <option value=\"Austria\">Austria<\/option>\n        <option value=\"Azerbaijan\">Azerbaijan<\/option>\n        <option value=\"Bahamas\">Bahamas<\/option>\n        <option value=\"Bahrain\">Bahrain<\/option>\n        <option value=\"Bangladesh\">Bangladesh<\/option>\n        <option value=\"Barbados\">Barbados<\/option>\n        <option value=\"Belarus\">Belarus<\/option>\n        <option value=\"Belgium\">Belgium<\/option>\n        <option value=\"Belize\">Belize<\/option>\n        <option value=\"Benin\">Benin<\/option>\n        <option value=\"Bermuda\">Bermuda<\/option>\n        <option value=\"Bhutan\">Bhutan<\/option>\n        <option value=\"Bolivia\">Bolivia<\/option>\n        <option value=\"Bosnia And Herzegovina\">Bosnia And Herzegovina<\/option>\n        <option value=\"Botswana\">Botswana<\/option>\n        <option value=\"Brazil\">Brazil<\/option>\n        <option value=\"Brunei\">Brunei<\/option>\n        <option value=\"Bulgaria\">Bulgaria<\/option>\n        <option value=\"New Caledonia\">New Caledonia<\/option>\n        <option value=\"Cambodia\">Cambodia<\/option>\n        <option value=\"Republic of Cameroon\">Republic of Cameroon<\/option>\n        <option value=\"Cayman Islands\">Cayman Islands<\/option>\n        <option value=\"Chile\">Chile<\/option>\n        <option value=\"Colombia\">Colombia<\/option>\n        <option value=\"Comoros\">Comoros<\/option>\n        <option value=\"Congo\">Congo<\/option>\n        <option value=\"Congo  The Democratic Republic Of The\">Congo, The Democratic Republic Of The<\/option>\n        <option value=\"Costa Rica\">Costa Rica<\/option>\n        <option value=\"Côte d'Ivoire\">Côte d'Ivoire<\/option>\n        <option value=\"Croatia\">Croatia<\/option>\n        <option value=\"Curaçao\">Curaçao<\/option>\n        <option value=\"Cyprus\">Cyprus<\/option>\n        <option value=\"Czech Republic\">Czech Republic<\/option>\n        <option value=\"Denmark\">Denmark<\/option>\n        <option value=\"Dominica\">Dominica<\/option>\n        <option value=\"Dominican Republic\">Dominican Republic<\/option>\n        <option value=\"Ecuador\">Ecuador<\/option>\n        <option value=\"Egypt\">Egypt<\/option>\n        <option value=\"El Salvador\">El Salvador<\/option>\n        <option value=\"Estonia\">Estonia<\/option>\n        <option value=\"Ethiopia\">Ethiopia<\/option>\n        <option value=\"Equatorial Guinea\">Equatorial Guinea<\/option>\n        <option value=\"Faroe Islands\">Faroe Islands<\/option>\n        <option value=\"Fiji\">Fiji<\/option>\n        <option value=\"Finland\">Finland<\/option>\n        <option value=\"France\">France<\/option>\n        <option value=\"Gabon\">Gabon<\/option>\n        <option value=\"Gambia\">Gambia<\/option>\n        <option value=\"Georgia\">Georgia<\/option>\n        <option value=\"Germany\">Germany<\/option>\n        <option value=\"Ghana\">Ghana<\/option>\n        <option value=\"French Polynesia\">French Polynesia<\/option>\n        <option value=\"Gibraltar\">Gibraltar<\/option>\n        <option value=\"Greece\">Greece<\/option>\n        <option value=\"Greenland\">Greenland<\/option>\n        <option value=\"Grenada\">Grenada<\/option>\n        <option value=\"Guadeloupe\">Guadeloupe<\/option>\n        <option value=\"Guatemala\">Guatemala<\/option>\n        <option value=\"Guernsey\">Guernsey<\/option>\n        <option value=\"Guyana\">Guyana<\/option>\n        <option value=\"Haiti\">Haiti<\/option>\n        <option value=\"Honduras\">Honduras<\/option>\n        <option value=\"Hong Kong\">Hong Kong<\/option>\n        <option value=\"Hungary\">Hungary<\/option>\n        <option value=\"Iceland\">Iceland<\/option>\n        <option value=\"India\">India<\/option>\n        <option value=\"Indonesia\">Indonesia<\/option>\n        <option value=\"Ireland\">Ireland<\/option>\n        <option value=\"Isle Of Man\">Isle Of Man<\/option>\n        <option value=\"Israel\">Israel<\/option>\n        <option value=\"Italy\">Italy<\/option>\n        <option value=\"Jamaica\">Jamaica<\/option>\n        <option value=\"Japan\">Japan<\/option>\n        <option value=\"Jersey\">Jersey<\/option>\n        <option value=\"Jordan\">Jordan<\/option>\n        <option value=\"Kazakhstan\">Kazakhstan<\/option>\n        <option value=\"Kenya\">Kenya<\/option>\n        <option value=\"Kosovo\">Kosovo<\/option>\n        <option value=\"Kuwait\">Kuwait<\/option>\n        <option value=\"Kyrgyzstan\">Kyrgyzstan<\/option>\n        <option value=\"Lao People's Democratic Republic\">Lao People's Democratic Republic<\/option>\n        <option value=\"Latvia\">Latvia<\/option>\n        <option value=\"Lebanon\">Lebanon<\/option>\n        <option value=\"Lesotho\">Lesotho<\/option>\n        <option value=\"Liberia\">Liberia<\/option>\n        <option value=\"Liechtenstein\">Liechtenstein<\/option>\n        <option value=\"Lithuania\">Lithuania<\/option>\n        <option value=\"Luxembourg\">Luxembourg<\/option>\n        <option value=\"Macao\">Macao<\/option>\n        <option value=\"Macedonia  Republic Of\">Macedonia, Republic Of<\/option>\n        <option value=\"Madagascar\">Madagascar<\/option>\n        <option value=\"Malawi\">Malawi<\/option>\n        <option value=\"Malaysia\">Malaysia<\/option>\n        <option value=\"Maldives\">Maldives<\/option>\n        <option value=\"Malta\">Malta<\/option>\n        <option value=\"Martinique\">Martinique<\/option>\n        <option value=\"Mauritius\">Mauritius<\/option>\n        <option value=\"Mexico\">Mexico<\/option>\n        <option value=\"Moldova  Republic of\">Moldova, Republic of<\/option>\n        <option value=\"Monaco\">Monaco<\/option>\n        <option value=\"Mongolia\">Mongolia<\/option>\n        <option value=\"Montenegro\">Montenegro<\/option>\n        <option value=\"Morocco\">Morocco<\/option>\n        <option value=\"Mozambique\">Mozambique<\/option>\n        <option value=\"Myanmar\">Myanmar<\/option>\n        <option value=\"Namibia\">Namibia<\/option>\n        <option value=\"Nepal\">Nepal<\/option>\n        <option value=\"Netherlands Antilles\">Netherlands Antilles<\/option>\n        <option value=\"Netherlands\">Netherlands<\/option>\n        <option value=\"New Zealand\">New Zealand<\/option>\n        <option value=\"Nicaragua\">Nicaragua<\/option>\n        <option value=\"Niger\">Niger<\/option>\n        <option value=\"Nigeria\">Nigeria<\/option>\n        <option value=\"Norway\">Norway<\/option>\n        <option value=\"Oman\">Oman<\/option>\n        <option value=\"Pakistan\">Pakistan<\/option>\n        <option value=\"Palestinian Territory  Occupied\">Palestinian Territory, Occupied<\/option>\n        <option value=\"Panama\">Panama<\/option>\n        <option value=\"Papua New Guinea\">Papua New Guinea<\/option>\n        <option value=\"Paraguay\">Paraguay<\/option>\n        <option value=\"Peru\">Peru<\/option>\n        <option value=\"Philippines\">Philippines<\/option>\n        <option value=\"Poland\">Poland<\/option>\n        <option value=\"Portugal\">Portugal<\/option>\n        <option value=\"Qatar\">Qatar<\/option>\n        <option value=\"Reunion\">Reunion<\/option>\n        <option value=\"Romania\">Romania<\/option>\n        <option value=\"Russia\">Russia<\/option>\n        <option value=\"Rwanda\">Rwanda<\/option>\n        <option value=\"Saint Kitts And Nevis\">Saint Kitts And Nevis<\/option>\n        <option value=\"Saint Lucia\">Saint Lucia<\/option>\n        <option value=\"Saint Martin\">Saint Martin<\/option>\n        <option value=\"Sao Tome And Principe\">Sao Tome And Principe<\/option>\n        <option value=\"Samoa\">Samoa<\/option>\n        <option value=\"Saudi Arabia\">Saudi Arabia<\/option>\n        <option value=\"Senegal\">Senegal<\/option>\n        <option value=\"Serbia\">Serbia<\/option>\n        <option value=\"Seychelles\">Seychelles<\/option>\n        <option value=\"Singapore\">Singapore<\/option>\n        <option value=\"Sint Maarten\">Sint Maarten<\/option>\n        <option value=\"Slovakia\">Slovakia<\/option>\n        <option value=\"Slovenia\">Slovenia<\/option>\n        <option value=\"Solomon Islands\">Solomon Islands<\/option>\n        <option value=\"South Africa\">South Africa<\/option>\n        <option value=\"South Korea\">South Korea<\/option>\n        <option value=\"Spain\">Spain<\/option>\n        <option value=\"Sri Lanka\">Sri Lanka<\/option>\n        <option value=\"St. Vincent\">St. Vincent<\/option>\n        <option value=\"Sudan\">Sudan<\/option>\n        <option value=\"Suriname\">Suriname<\/option>\n        <option value=\"Sweden\">Sweden<\/option>\n        <option value=\"Switzerland\">Switzerland<\/option>\n        <option value=\"Syria\">Syria<\/option>\n        <option value=\"Taiwan\">Taiwan<\/option>\n        <option value=\"Tanzania  United Republic Of\">Tanzania, United Republic Of<\/option>\n        <option value=\"Thailand\">Thailand<\/option>\n        <option value=\"Trinidad and Tobago\">Trinidad and Tobago<\/option>\n        <option value=\"Tunisia\">Tunisia<\/option>\n        <option value=\"Turkey\">Turkey<\/option>\n        <option value=\"Turkmenistan\">Turkmenistan<\/option>\n        <option value=\"Turks and Caicos Islands\">Turks and Caicos Islands<\/option>\n        <option value=\"Uganda\">Uganda<\/option>\n        <option value=\"Ukraine\">Ukraine<\/option>\n        <option value=\"United Arab Emirates\">United Arab Emirates<\/option>\n        <option value=\"Uruguay\">Uruguay<\/option>\n        <option value=\"Uzbekistan\">Uzbekistan<\/option>\n        <option value=\"Vanuatu\">Vanuatu<\/option>\n        <option value=\"Venezuela\">Venezuela<\/option>\n        <option value=\"Vietnam\">Vietnam<\/option>\n        <option value=\"Virgin Islands  British\">Virgin Islands, British<\/option>\n        <option value=\"Yemen\">Yemen<\/option>\n        <option value=\"Zambia\">Zambia<\/option>\n        <option value=\"Zimbabwe\">Zimbabwe<\/option>\n        <option value=\"Aland Islands\">Aland Islands<\/option>\n        <option value=\"Anguilla\">Anguilla<\/option>\n        <option value=\"Bouvet Island\">Bouvet Island<\/option>\n        <option value=\"British Indian Ocean Territory\">British Indian Ocean Territory<\/option>\n        <option value=\"Burkina Faso\">Burkina Faso<\/option>\n        <option value=\"Burundi\">Burundi<\/option>\n        <option value=\"Cape Verde\">Cape Verde<\/option>\n        <option value=\"Central African Republic\">Central African Republic<\/option>\n        <option value=\"Chad\">Chad<\/option>\n        <option value=\"Christmas Island\">Christmas Island<\/option>\n        <option value=\"Cocos (Keeling) Islands\">Cocos (Keeling) Islands<\/option>\n        <option value=\"Cook Islands\">Cook Islands<\/option>\n        <option value=\"Cuba\">Cuba<\/option>\n        <option value=\"Djibouti\">Djibouti<\/option>\n        <option value=\"Eritrea\">Eritrea<\/option>\n        <option value=\"Falkland Islands (Malvinas)\">Falkland Islands (Malvinas)<\/option>\n        <option value=\"French Guiana\">French Guiana<\/option>\n        <option value=\"French Southern Territories\">French Southern Territories<\/option>\n        <option value=\"Guinea\">Guinea<\/option>\n        <option value=\"Guinea Bissau\">Guinea Bissau<\/option>\n        <option value=\"Heard Island And Mcdonald Islands\">Heard Island And Mcdonald Islands<\/option>\n        <option value=\"Holy See (Vatican City State)\">Holy See (Vatican City State)<\/option>\n        <option value=\"Iran  Islamic Republic Of\">Iran, Islamic Republic Of<\/option>\n        <option value=\"Iraq\">Iraq<\/option>\n        <option value=\"Kiribati\">Kiribati<\/option>\n        <option value=\"Korea  Democratic People's Republic Of\">Korea, Democratic People's Republic Of<\/option>\n        <option value=\"Libyan Arab Jamahiriya\">Libyan Arab Jamahiriya<\/option>\n        <option value=\"Mali\">Mali<\/option>\n        <option value=\"Mauritania\">Mauritania<\/option>\n        <option value=\"Mayotte\">Mayotte<\/option>\n        <option value=\"Montserrat\">Montserrat<\/option>\n        <option value=\"Nauru\">Nauru<\/option>\n        <option value=\"Niue\">Niue<\/option>\n        <option value=\"Norfolk Island\">Norfolk Island<\/option>\n        <option value=\"Pitcairn\">Pitcairn<\/option>\n        <option value=\"Saint Barthélemy\">Saint Barthélemy<\/option>\n        <option value=\"Saint Helena\">Saint Helena<\/option>\n        <option value=\"Saint Pierre And Miquelon\">Saint Pierre And Miquelon<\/option>\n        <option value=\"San Marino\">San Marino<\/option>\n        <option value=\"Sierra Leone\">Sierra Leone<\/option>\n        <option value=\"Somalia\">Somalia<\/option>\n        <option value=\"South Georgia And The South Sandwich Islands\">South Georgia And The South Sandwich Islands<\/option>\n        <option value=\"Svalbard And Jan Mayen\">Svalbard And Jan Mayen<\/option>\n        <option value=\"Swaziland\">Swaziland<\/option>\n        <option value=\"Tajikistan\">Tajikistan<\/option>\n        <option value=\"Timor Leste\">Timor Leste<\/option>\n        <option value=\"Togo\">Togo<\/option>\n        <option value=\"Tokelau\">Tokelau<\/option>\n        <option value=\"Tonga\">Tonga<\/option>\n        <option value=\"Tuvalu\">Tuvalu<\/option>\n        <option value=\"United States Minor Outlying Islands\">United States Minor Outlying Islands<\/option>\n        <option value=\"Wallis And Futuna\">Wallis And Futuna<\/option>\n        <option value=\"Western Sahara\">Western Sahara<\/option>\n      <\/select>\n    <\/div>\n<div class=\"fb-text form-group field-text-202441375511\">\n      <label for=\"text-202441375511\" class=\"fb-text-label\" style=\"color: rgb(74, 74, 74);\">Company name <\/label>\n      <input type=\"text\" class=\"form-control\" name=\"text-202441375511\" id=\"text-202441375511\">\n    <\/div>\n    <div class=\"fb-select form-group field-select-1711953871913\">\n      <label for=\"select-1711953871913\" class=\"fb-select-label\" style=\"color: rgb(74, 74, 74);\">Industry <\/label>\n      <select type=\"select\" class=\"form-control\" name=\"select-1711953871913\" id=\"select-1711953871913\">\n        <option value=\"Select\" selected>Select<\/option>\n        <option value=\"Beauty\">Beauty<\/option>\n        <option value=\"Corporate\">Corporate<\/option>\n        <option value=\"E-commerce\">E-commerce<\/option>\n        <option value=\"Retailer\">Retailer<\/option>\n        <option value=\"Wholesaler\">Wholesaler<\/option>\n        <option value=\"Event Planner\">Event Planner<\/option>\n        <option value=\"Interior Designer\">Interior Designer<\/option>\n        <option value=\"Architect\">Architect<\/option>\n        <option value=\"Construction\">Construction<\/option>\n        <option value=\"Marketing agency\">Marketing agency<\/option>\n        <option value=\"Office &amp; workspace\">Office &amp; workspace<\/option>\n        <option value=\"Healthcare\">Healthcare<\/option>\n        <option value=\"Real Estate\">Real Estate<\/option>\n        <option value=\"Food &amp; beverage\">Food &amp; beverage<\/option>\n        <option value=\"Contractor\">Contractor<\/option>\n        <option value=\"Restaurant\">Restaurant<\/option>\n        <option value=\"Hotels\">Hotels<\/option>\n        <option value=\"Wedding Planner\">Wedding Planner<\/option>\n        <option value=\"Distributor\">Distributor<\/option>\n        <option value=\"Other\">Other<\/option>\n      <\/select>\n    <\/div>\n    <div class=\"fb-select form-group field-select-1711953876395\">\n      <label for=\"select-1711953876395\" class=\"fb-select-label\" style=\"color: rgb(74, 74, 74);\">Position <\/label>\n      <select type=\"select\" class=\"form-control\" name=\"select-1711953876395\" id=\"select-1711953876395\">\n        <option value=\"Select\" selected>Select<\/option>\n        <option value=\"CEO \/ Owner\">CEO \/ Owner<\/option>\n        <option value=\"VP Marketing\">VP Marketing<\/option>\n        <option value=\"Office Manager\">Office Manager<\/option>\n        <option value=\"Director of Operation\">Director of Operation<\/option>\n        <option value=\"Merchandise Manager\">Merchandise Manager<\/option>\n        <option value=\"Interior Designer\">Interior Designer<\/option>\n        <option value=\"Wedding Planner\">Wedding Planner<\/option>\n        <option value=\"Architect\">Architect<\/option>\n        <option value=\"Event Planner\">Event Planner<\/option>\n        <option value=\"Buyer\">Buyer<\/option>\n        <option value=\"Other\">Other<\/option>\n      <\/select>\n    <\/div>\n\t\n\t  <div class=\"fb-select form-group field-select-1711955603602\">\n      <label for=\"select-1711955603602\" class=\"fb-select-label\" style=\"color: rgb(74, 74, 74);\">Number of locations globally* <\/label>\n      <select type=\"select\" class=\"form-control\" name=\"select-1711955603602\" id=\"select-1711955603602\">\n        <option value=\"Select\" selected>Select<\/option>\n        <option value=\"1-5\">1-5<\/option>\n        <option value=\"6-15\">6-15<\/option>\n        <option value=\"16-25\">16-25<\/option>\n        <option value=\"26-49\">26-49<\/option>\n        <option value=\"50+\">50+<\/option>\n      <\/select>\n    <\/div>\n\t\n    <div class=\"fb-checkbox form-group field-checkbox-1711952490478\">\n      <input type=\"checkbox\" required=\"\" class=\"checkbox\" name=\"checkbox-1711952490478\" id=\"checkbox-1711952490478\" aria-required=\"true\">\n      <label for=\"checkbox-1711952490478\" class=\"fb-checkbox-label\" style=\"color: rgb(74, 74, 74);\"> I'd like Johnny's LED Factory to send me exclusive promotions discounts and news. I can opt out of receiving these communications at any time <span class=\"required\">*<\/span>\n      <\/label>\n    <\/div>\n    <div class=\"fb-checkbox form-group field-checkbox-1711952537428\">\n      <input type=\"checkbox\" class=\"checkbox\" name=\"checkbox-1711952537428\" value=\"on\" id=\"checkbox-1711952537428\">\n      <label for=\"checkbox-1711952537428\" class=\"fb-checkbox-label\" style=\"color: rgb(74, 74, 74);\">I would like to be notified by SMS when my quote is ready. <\/label>\n    <\/div>\n    <div class=\"fb-checkbox form-group field-checkbox-1711952574379\">\n      <input type=\"checkbox\" class=\"checkbox\" name=\"checkbox-1711952574379\" id=\"checkbox-1711952574379\">\n      <label for=\"checkbox-1711952574379\" class=\"fb-checkbox-label\" style=\"color: rgb(74, 74, 74);\">I agree with the Terms and Conditions and Privacy Policy* <\/label>\n    <\/div>\n    <div class=\"fb-submit form-group field-button-1481029333721\">\n      <button type=\"submit\" class=\"button-input btn btn-default\" name=\"button-1481029333721\" style=\"default\" id=\"button-1481029333721\">Submit<\/button>\n    <\/div>\n\t<\/div>\n  <\/form>\n<\/div>\n<\/div>\n\n\n<script>\n   jQuery( \"a.business\" ).on( \"click\", function(event) {\n\tsetTimeout(function(){\n\tconsole.log('jdkjjskdd');\n\t},900)\n\t\n  event.preventDefault();\n  $('a.individual').removeClass('active');\n    $('a.business').addClass('active');\n    jQuery('span.emails').text('Work Email');\n    $(\"select#select-1711953871913\").prop('disabled', false);\n    $(\"select#select-1711953876395\").prop('disabled', false);\n    $(\"input#text-202441375511\").prop('disabled', false);\n    $(\"select#select-1711955603602\").prop('disabled', false);\n    \n    $('.fb-select.form-group.field-select-1711953871913').removeClass('hidden');\n    $('.fb-text.form-group.field-text-202441375511').removeClass('hidden');\n    $('.fb-select.form-group.field-select-1711953876395').removeClass('hidden');\n    $('.fb-select.form-group.field-select-1711955603602').removeClass('hidden');\n\n});\n\/************************************************\/\n$(\"select#select-1711953871913\").prop('disabled', true);\n    $(\"select#select-1711953876395\").prop('disabled', true);\n  $(\"select#select-1711953876395\").prop('disabled', true);\n  $(\"select#select-1711955603602\").prop('disabled', true);\n    $(\"input#text-202441375511\").prop('disabled', true);\n\n    $('.fb-select.form-group.field-select-1711953871913').addClass('hidden');\n    $('.fb-select.form-group.field-select-1711953876395').addClass('hidden');\n    $('.fb-text.form-group.field-text-202441375511').addClass('hidden');\n  $('.fb-select.form-group.field-select-1711955603602').addClass('hidden');\n  \n$( \"a.individual\" ).on( \"click\", function(event) {\n  event.preventDefault();\n  $('a.business').removeClass('active');\n  $('a.individual').addClass('active');\n    $('span.emails').text('Email');\n    $(\"select#select-1711953871913\").prop('disabled', true);\n    $(\"select#select-1711953876395\").prop('disabled', true);\n\t$(\"select#select-1711953876395\").prop('disabled', true);\n\t$(\"select#select-1711955603602\").prop('disabled', true);\n    $(\"input#text-202441375511\").prop('disabled', true);\n\n    $('.fb-select.form-group.field-select-1711953871913').addClass('hidden');\n    $('.fb-select.form-group.field-select-1711953876395').addClass('hidden');\n    $('.fb-text.form-group.field-text-202441375511').addClass('hidden');\n\t$('.fb-select.form-group.field-select-1711955603602').addClass('hidden');\n\n\n\n\n});\n\n     function isMyScriptLoaded() {\n    var url = 'https:\/\/shopifycdn.aaawebstore.com\/formbuilder\/appfiles\/aaa_form_builder_script_minify_v1.js?shop=f1d67b.myshopify.com';\n    var jsFound = 0;\n    var scripts = document.getElementsByTagName('script');\n    for (var i = scripts.length; i--;) {\n      if (scripts[i].src == url) {\n        jsFound = 1;\n      }\n    }\n    if (!jsFound) {\n      var headTag = document.getElementsByTagName('head')[0];\n      var jqTag = document.createElement('script');\n      jqTag.type = 'text\/javascript';\n      jqTag.src = url;\n      jqTag.onload = '';\n      headTag.appendChild(jqTag);\n    }\n  }\n  isMyScriptLoaded();\n  <\/script>\n\n\n<\/section>"}},"newsletter-our":{"type":"newsletter-our","settings":{"img":"shopify:\/\/shop_images\/RockOnMockup_ab6407b7-d3ea-4ead-a299-767b5cedf6be.jpg","back_img":"shopify:\/\/shop_images\/news_background.jpg","text":"10% discount code on your next purchase for signing up for our email marketing."}},"gift-form-section":{"type":"gift-form-section","settings":{"gift_form":"<section class=\" Custom_Neon_page_form gift-card-main-class \">\n\n<div class=\"container\">\n<div class=\"aaa_formbuilder_container\" style=\"background-color: #f7f7f7; width: 100%; margin: 0 auto; float: none;\">\n<div class=\"form_heading\">\n    <h2>Gift Card Form<\/h2>\n   \n  <\/div>\n    <form method=\"post\" action=\"\" class=\"aaaformbuilder_form aaa_formbuilder_form_id_16648\" enctype=\"multipart\/form-data\">\n        <input type=\"hidden\" name=\"url\" class=\"get_current_page_url\" value=\"\"><input type=\"hidden\" name=\"container_id\" value=\"\"><input type=\"hidden\" name=\"form_id\" value=\"16648\">\n        <input type=\"hidden\" name=\"form_domain\" value=\"f1d67b.myshopify.com\"><input type=\"hidden\" name=\"\" value=\"Thank You! We'll be in touch\" class=\"success_msg\">\n        <input type=\"hidden\" name=\"\" value=\"Please fill all the required fields\" class=\"error_msg\"><input type=\"hidden\" name=\"\" value=\"Please enter a valid email address.\" class=\"emailerror_msg\">\n        <input type=\"hidden\" name=\"\" value=\"\" class=\"aaa_thankyoupageurl\"><input type=\"hidden\" name=\"uploadeLimit\" class=\"formUploadLimit\" value=\"10\"><input type=\"hidden\" name=\"allowefiletype\" class=\"allowedfiletype\" value=\"\">\n        <input type=\"hidden\" name=\"conditionallogic\" class=\"conditionallogic\" value=\"\">\n\t\t <div class=\"first_class_last\">\n        <div class=\"fb-text form-group field-first-name\">\n            <label for=\"first-name\" class=\"fb-text-label\" style=\"color: rgb(74, 74, 74);\">First Name <span class=\"required\">*<\/span> <\/label>\n            <input type=\"text\" required=\"\" class=\"form-control\" name=\"first-name\" id=\"first-name\" aria-required=\"true\">\n        <\/div>\n        <div class=\"fb-text form-group field-last-name\">\n            <label for=\"last-name\" class=\"fb-text-label\" style=\"color: rgb(74, 74, 74);\">Last Name <span class=\"required\">*<\/span> <\/label>\n            <input type=\"text\" required=\"\" class=\"form-control\" name=\"last-name\" id=\"last-name\" aria-required=\"true\">\n        <\/div>\n\t\t<\/div>\n\t\t <div class=\"first_class_last\">\n        <div class=\"fb-number form-group field-number-1713425927006\">\n            <label for=\"number-1713425927006\" class=\"fb-number-label\" style=\"color: rgb(74, 74, 74);\">Number <span class=\"required\">*<\/span> <\/label>\n            <input type=\"number\" required=\"\" class=\"form-control\" name=\"number-1713425927006\" id=\"number-1713425927006\" aria-required=\"true\">\n        <\/div>\n        <div class=\"fb-email form-group field-replyemail\">\n            <label for=\"replyemail\" class=\"fb-email-label\" style=\"color: rgb(74, 74, 74);\">Email <span class=\"required\">*<\/span> <\/label>\n            <input type=\"email\" required=\"\" class=\"form-control\" name=\"replyemail\" id=\"replyemail\" aria-required=\"true\">\n        <\/div>\n\t\t<\/div>\n        <div class=\"fb-text form-group field-text-1713425963891\">\n            <label for=\"text-1713425963891\" class=\"fb-text-label\" style=\"color: rgb(74, 74, 74);\">Company Name <span class=\"required\">*<\/span> <\/label>\n            <input type=\"text\" required=\"\" class=\"form-control\" name=\"text-1713425963891\" id=\"text-1713425963891\" aria-required=\"true\">\n        <\/div>\n        <div class=\"fb-select form-group field-aaa-form-builder-country\">\n            <label for=\"aaa-form-builder-country\" class=\"fb-select-label\" style=\"color: rgb(74, 74, 74);\">Country <span class=\"required\">*<\/span> <\/label>\n            <select type=\"select\" required=\"\" class=\"form-control\" name=\"aaa-form-builder-country\" id=\"aaa-form-builder-country\" aria-required=\"true\">\n                <option value=\"United States\" selected>United States<\/option>\n                <option value=\"Canada\">Canada<\/option>\n                <option value=\"china\">China<\/option>\n                <option value=\"United Kingdom\">United Kingdom<\/option>\n                <option value=\"Afghanistan\">Afghanistan<\/option>\n                <option value=\"Albania\">Albania<\/option>\n                <option value=\"Algeria\">Algeria<\/option>\n                <option value=\"Andorra\">Andorra<\/option>\n                <option value=\"Angola\">Angola<\/option>\n                <option value=\"Antigua And Barbuda\">Antigua And Barbuda<\/option>\n                <option value=\"Argentina\">Argentina<\/option>\n                <option value=\"Armenia\">Armenia<\/option>\n                <option value=\"Aruba\">Aruba<\/option>\n                <option value=\"Australia\">Australia<\/option>\n                <option value=\"Austria\">Austria<\/option>\n                <option value=\"Azerbaijan\">Azerbaijan<\/option>\n                <option value=\"Bahamas\">Bahamas<\/option>\n                <option value=\"Bahrain\">Bahrain<\/option>\n                <option value=\"Bangladesh\">Bangladesh<\/option>\n                <option value=\"Barbados\">Barbados<\/option>\n                <option value=\"Belarus\">Belarus<\/option>\n                <option value=\"Belgium\">Belgium<\/option>\n                <option value=\"Belize\">Belize<\/option>\n                <option value=\"Benin\">Benin<\/option>\n                <option value=\"Bermuda\">Bermuda<\/option>\n                <option value=\"Bhutan\">Bhutan<\/option>\n                <option value=\"Bolivia\">Bolivia<\/option>\n                <option value=\"Bosnia And Herzegovina\">Bosnia And Herzegovina<\/option>\n                <option value=\"Botswana\">Botswana<\/option>\n                <option value=\"Brazil\">Brazil<\/option>\n                <option value=\"Brunei\">Brunei<\/option>\n                <option value=\"Bulgaria\">Bulgaria<\/option>\n                <option value=\"New Caledonia\">New Caledonia<\/option>\n                <option value=\"Cambodia\">Cambodia<\/option>\n                <option value=\"Republic of Cameroon\">Republic of Cameroon<\/option>\n                <option value=\"Cayman Islands\">Cayman Islands<\/option>\n                <option value=\"Chile\">Chile<\/option>\n                <option value=\"Colombia\">Colombia<\/option>\n                <option value=\"Comoros\">Comoros<\/option>\n                <option value=\"Congo\">Congo<\/option>\n                <option value=\"Congo  The Democratic Republic Of The\">Congo, The Democratic Republic Of The<\/option>\n                <option value=\"Costa Rica\">Costa Rica<\/option>\n                <option value=\"Côte d'Ivoire\">Côte d'Ivoire<\/option>\n                <option value=\"Croatia\">Croatia<\/option>\n                <option value=\"Curaçao\">Curaçao<\/option>\n                <option value=\"Cyprus\">Cyprus<\/option>\n                <option value=\"Czech Republic\">Czech Republic<\/option>\n                <option value=\"Denmark\">Denmark<\/option>\n                <option value=\"Dominica\">Dominica<\/option>\n                <option value=\"Dominican Republic\">Dominican Republic<\/option>\n                <option value=\"Ecuador\">Ecuador<\/option>\n                <option value=\"Egypt\">Egypt<\/option>\n                <option value=\"El Salvador\">El Salvador<\/option>\n                <option value=\"Estonia\">Estonia<\/option>\n                <option value=\"Ethiopia\">Ethiopia<\/option>\n                <option value=\"Equatorial Guinea\">Equatorial Guinea<\/option>\n                <option value=\"Faroe Islands\">Faroe Islands<\/option>\n                <option value=\"Fiji\">Fiji<\/option>\n                <option value=\"Finland\">Finland<\/option>\n                <option value=\"France\">France<\/option>\n                <option value=\"Gabon\">Gabon<\/option>\n                <option value=\"Gambia\">Gambia<\/option>\n                <option value=\"Georgia\">Georgia<\/option>\n                <option value=\"Germany\">Germany<\/option>\n                <option value=\"Ghana\">Ghana<\/option>\n                <option value=\"French Polynesia\">French Polynesia<\/option>\n                <option value=\"Gibraltar\">Gibraltar<\/option>\n                <option value=\"Greece\">Greece<\/option>\n                <option value=\"Greenland\">Greenland<\/option>\n                <option value=\"Grenada\">Grenada<\/option>\n                <option value=\"Guadeloupe\">Guadeloupe<\/option>\n                <option value=\"Guatemala\">Guatemala<\/option>\n                <option value=\"Guernsey\">Guernsey<\/option>\n                <option value=\"Guyana\">Guyana<\/option>\n                <option value=\"Haiti\">Haiti<\/option>\n                <option value=\"Honduras\">Honduras<\/option>\n                <option value=\"Hong Kong\">Hong Kong<\/option>\n                <option value=\"Hungary\">Hungary<\/option>\n                <option value=\"Iceland\">Iceland<\/option>\n                <option value=\"India\">India<\/option>\n                <option value=\"Indonesia\">Indonesia<\/option>\n                <option value=\"Ireland\">Ireland<\/option>\n                <option value=\"Isle Of Man\">Isle Of Man<\/option>\n                <option value=\"Israel\">Israel<\/option>\n                <option value=\"Italy\">Italy<\/option>\n                <option value=\"Jamaica\">Jamaica<\/option>\n                <option value=\"Japan\">Japan<\/option>\n                <option value=\"Jersey\">Jersey<\/option>\n                <option value=\"Jordan\">Jordan<\/option>\n                <option value=\"Kazakhstan\">Kazakhstan<\/option>\n                <option value=\"Kenya\">Kenya<\/option>\n                <option value=\"Kosovo\">Kosovo<\/option>\n                <option value=\"Kuwait\">Kuwait<\/option>\n                <option value=\"Kyrgyzstan\">Kyrgyzstan<\/option>\n                <option value=\"Lao People's Democratic Republic\">Lao People's Democratic Republic<\/option>\n                <option value=\"Latvia\">Latvia<\/option>\n                <option value=\"Lebanon\">Lebanon<\/option>\n                <option value=\"Lesotho\">Lesotho<\/option>\n                <option value=\"Liberia\">Liberia<\/option>\n                <option value=\"Liechtenstein\">Liechtenstein<\/option>\n                <option value=\"Lithuania\">Lithuania<\/option>\n                <option value=\"Luxembourg\">Luxembourg<\/option>\n                <option value=\"Macao\">Macao<\/option>\n                <option value=\"Macedonia  Republic Of\">Macedonia, Republic Of<\/option>\n                <option value=\"Madagascar\">Madagascar<\/option>\n                <option value=\"Malawi\">Malawi<\/option>\n                <option value=\"Malaysia\">Malaysia<\/option>\n                <option value=\"Maldives\">Maldives<\/option>\n                <option value=\"Malta\">Malta<\/option>\n                <option value=\"Martinique\">Martinique<\/option>\n                <option value=\"Mauritius\">Mauritius<\/option>\n                <option value=\"Mexico\">Mexico<\/option>\n                <option value=\"Moldova  Republic of\">Moldova, Republic of<\/option>\n                <option value=\"Monaco\">Monaco<\/option>\n                <option value=\"Mongolia\">Mongolia<\/option>\n                <option value=\"Montenegro\">Montenegro<\/option>\n                <option value=\"Morocco\">Morocco<\/option>\n                <option value=\"Mozambique\">Mozambique<\/option>\n                <option value=\"Myanmar\">Myanmar<\/option>\n                <option value=\"Namibia\">Namibia<\/option>\n                <option value=\"Nepal\">Nepal<\/option>\n                <option value=\"Netherlands Antilles\">Netherlands Antilles<\/option>\n                <option value=\"Netherlands\">Netherlands<\/option>\n                <option value=\"New Zealand\">New Zealand<\/option>\n                <option value=\"Nicaragua\">Nicaragua<\/option>\n                <option value=\"Niger\">Niger<\/option>\n                <option value=\"Nigeria\">Nigeria<\/option>\n                <option value=\"Norway\">Norway<\/option>\n                <option value=\"Oman\">Oman<\/option>\n                <option value=\"Pakistan\">Pakistan<\/option>\n                <option value=\"Palestinian Territory  Occupied\">Palestinian Territory, Occupied<\/option>\n                <option value=\"Panama\">Panama<\/option>\n                <option value=\"Papua New Guinea\">Papua New Guinea<\/option>\n                <option value=\"Paraguay\">Paraguay<\/option>\n                <option value=\"Peru\">Peru<\/option>\n                <option value=\"Philippines\">Philippines<\/option>\n                <option value=\"Poland\">Poland<\/option>\n                <option value=\"Portugal\">Portugal<\/option>\n                <option value=\"Qatar\">Qatar<\/option>\n                <option value=\"Reunion\">Reunion<\/option>\n                <option value=\"Romania\">Romania<\/option>\n                <option value=\"Russia\">Russia<\/option>\n                <option value=\"Rwanda\">Rwanda<\/option>\n                <option value=\"Saint Kitts And Nevis\">Saint Kitts And Nevis<\/option>\n                <option value=\"Saint Lucia\">Saint Lucia<\/option>\n                <option value=\"Saint Martin\">Saint Martin<\/option>\n                <option value=\"Sao Tome And Principe\">Sao Tome And Principe<\/option>\n                <option value=\"Samoa\">Samoa<\/option>\n                <option value=\"Saudi Arabia\">Saudi Arabia<\/option>\n                <option value=\"Senegal\">Senegal<\/option>\n                <option value=\"Serbia\">Serbia<\/option>\n                <option value=\"Seychelles\">Seychelles<\/option>\n                <option value=\"Singapore\">Singapore<\/option>\n                <option value=\"Sint Maarten\">Sint Maarten<\/option>\n                <option value=\"Slovakia\">Slovakia<\/option>\n                <option value=\"Slovenia\">Slovenia<\/option>\n                <option value=\"Solomon Islands\">Solomon Islands<\/option>\n                <option value=\"South Africa\">South Africa<\/option>\n                <option value=\"South Korea\">South Korea<\/option>\n                <option value=\"Spain\">Spain<\/option>\n                <option value=\"Sri Lanka\">Sri Lanka<\/option>\n                <option value=\"St. Vincent\">St. Vincent<\/option>\n                <option value=\"Sudan\">Sudan<\/option>\n                <option value=\"Suriname\">Suriname<\/option>\n                <option value=\"Sweden\">Sweden<\/option>\n                <option value=\"Switzerland\">Switzerland<\/option>\n                <option value=\"Syria\">Syria<\/option>\n                <option value=\"Taiwan\">Taiwan<\/option>\n                <option value=\"Tanzania  United Republic Of\">Tanzania, United Republic Of<\/option>\n                <option value=\"Thailand\">Thailand<\/option>\n                <option value=\"Trinidad and Tobago\">Trinidad and Tobago<\/option>\n                <option value=\"Tunisia\">Tunisia<\/option>\n                <option value=\"Turkey\">Turkey<\/option>\n                <option value=\"Turkmenistan\">Turkmenistan<\/option>\n                <option value=\"Turks and Caicos Islands\">Turks and Caicos Islands<\/option>\n                <option value=\"Uganda\">Uganda<\/option>\n                <option value=\"Ukraine\">Ukraine<\/option>\n                <option value=\"United Arab Emirates\">United Arab Emirates<\/option>\n                <option value=\"Uruguay\">Uruguay<\/option>\n                <option value=\"Uzbekistan\">Uzbekistan<\/option>\n                <option value=\"Vanuatu\">Vanuatu<\/option>\n                <option value=\"Venezuela\">Venezuela<\/option>\n                <option value=\"Vietnam\">Vietnam<\/option>\n                <option value=\"Virgin Islands  British\">Virgin Islands, British<\/option>\n                <option value=\"Yemen\">Yemen<\/option>\n                <option value=\"Zambia\">Zambia<\/option>\n                <option value=\"Zimbabwe\">Zimbabwe<\/option>\n                <option value=\"Aland Islands\">Aland Islands<\/option>\n                <option value=\"Anguilla\">Anguilla<\/option>\n                <option value=\"Bouvet Island\">Bouvet Island<\/option>\n                <option value=\"British Indian Ocean Territory\">British Indian Ocean Territory<\/option>\n                <option value=\"Burkina Faso\">Burkina Faso<\/option>\n                <option value=\"Burundi\">Burundi<\/option>\n                <option value=\"Cape Verde\">Cape Verde<\/option>\n                <option value=\"Central African Republic\">Central African Republic<\/option>\n                <option value=\"Chad\">Chad<\/option>\n                <option value=\"Christmas Island\">Christmas Island<\/option>\n                <option value=\"Cocos (Keeling) Islands\">Cocos (Keeling) Islands<\/option>\n                <option value=\"Cook Islands\">Cook Islands<\/option>\n                <option value=\"Cuba\">Cuba<\/option>\n                <option value=\"Djibouti\">Djibouti<\/option>\n                <option value=\"Eritrea\">Eritrea<\/option>\n                <option value=\"Falkland Islands (Malvinas)\">Falkland Islands (Malvinas)<\/option>\n                <option value=\"French Guiana\">French Guiana<\/option>\n                <option value=\"French Southern Territories\">French Southern Territories<\/option>\n                <option value=\"Guinea\">Guinea<\/option>\n                <option value=\"Guinea Bissau\">Guinea Bissau<\/option>\n                <option value=\"Heard Island And Mcdonald Islands\">Heard Island And Mcdonald Islands<\/option>\n                <option value=\"Holy See (Vatican City State)\">Holy See (Vatican City State)<\/option>\n                <option value=\"Iran  Islamic Republic Of\">Iran, Islamic Republic Of<\/option>\n                <option value=\"Iraq\">Iraq<\/option>\n                <option value=\"Kiribati\">Kiribati<\/option>\n                <option value=\"Korea  Democratic People's Republic Of\">Korea, Democratic People's Republic Of<\/option>\n                <option value=\"Libyan Arab Jamahiriya\">Libyan Arab Jamahiriya<\/option>\n                <option value=\"Mali\">Mali<\/option>\n                <option value=\"Mauritania\">Mauritania<\/option>\n                <option value=\"Mayotte\">Mayotte<\/option>\n                <option value=\"Montserrat\">Montserrat<\/option>\n                <option value=\"Nauru\">Nauru<\/option>\n                <option value=\"Niue\">Niue<\/option>\n                <option value=\"Norfolk Island\">Norfolk Island<\/option>\n                <option value=\"Pitcairn\">Pitcairn<\/option>\n                <option value=\"Saint Barthélemy\">Saint Barthélemy<\/option>\n                <option value=\"Saint Helena\">Saint Helena<\/option>\n                <option value=\"Saint Pierre And Miquelon\">Saint Pierre And Miquelon<\/option>\n                <option value=\"San Marino\">San Marino<\/option>\n                <option value=\"Sierra Leone\">Sierra Leone<\/option>\n                <option value=\"Somalia\">Somalia<\/option>\n                <option value=\"South Georgia And The South Sandwich Islands\">South Georgia And The South Sandwich Islands<\/option>\n                <option value=\"Svalbard And Jan Mayen\">Svalbard And Jan Mayen<\/option>\n                <option value=\"Swaziland\">Swaziland<\/option>\n                <option value=\"Tajikistan\">Tajikistan<\/option>\n                <option value=\"Timor Leste\">Timor Leste<\/option>\n                <option value=\"Togo\">Togo<\/option>\n                <option value=\"Tokelau\">Tokelau<\/option>\n                <option value=\"Tonga\">Tonga<\/option>\n                <option value=\"Tuvalu\">Tuvalu<\/option>\n                <option value=\"United States Minor Outlying Islands\">United States Minor Outlying Islands<\/option>\n                <option value=\"Wallis And Futuna\">Wallis And Futuna<\/option>\n                <option value=\"Western Sahara\">Western Sahara<\/option>\n            <\/select>\n        <\/div>\n       <div class=\"first_class_last\">\n\t  <div class=\"fb-text form-group field-aaa-customer-city\">\n            <label for=\"aaa-customer-city\" class=\"fb-text-label\" style=\"color: rgb(74, 74, 74);\">City <span class=\"required\">*<\/span> <\/label>\n            <input type=\"text\" required=\"\" class=\"form-control\" name=\"aaa-customer-city\" id=\"aaa-customer-city\" aria-required=\"true\">\n        <\/div>\n         <div class=\"fb-text form-group field-text-2024418525916\">\n            <label for=\"text-2024418525916\" class=\"fb-text-label\" style=\"color: rgb(74, 74, 74);\">State <\/label> <input type=\"text\" class=\"form-control\" name=\"text-2024418525916\" id=\"text-2024418525916\">\n        <\/div>\n\t\t<\/div>\n        <div class=\"fb-undefined form-group field-textarea-1481364899702\">\n            <label for=\"textarea-1481364899702\" class=\"fb-textarea-label\" style=\"color: rgb(74, 74, 74);\">Message <\/label><textarea type=\"textarea\" class=\"form-control\" name=\"textarea-1481364899702\" id=\"textarea-1481364899702\"><\/textarea>\n        <\/div>\n        <div class=\"fb-submit form-group field-button-1481029333721\"><button type=\"submit\" class=\"button-input btn btn-default\" name=\"button-1481029333721\" style=\"default\" id=\"button-1481029333721\">Submit<\/button><\/div>\n        \n    <\/form>\n<\/div>\n<\/div>\n<\/section>\n<style type=\"text\/css\">\n    .aaaformbuilder_form .fb-submit button {\n        background-color: #00afec !important;\n    }\n    .aaaformbuilder_form .fb-submit button {\n        color: #ffffff !important;\n    }\n    .aaaformbuilder_form .fb-submit button {\n        font-size: 14px !important;\n    }\n    @media only screen and (max-width: 768px) {\n        .aaa_formbuilder_container {\n            width: 75% !important;\n        }\n    }\n    @media only screen and (max-width: 420px) {\n        .aaa_formbuilder_container {\n            width: 100% !important;\n        }\n    }\n<\/style>\n<script>\n    function isMyScriptLoaded() {\n        var url = \"https:\/\/shopifycdn.aaawebstore.com\/formbuilder\/appfiles\/aaa_form_builder_script_minify_v1.js?shop=f1d67b.myshopify.com\";\n        var jsFound = 0;\n        var scripts = document.getElementsByTagName(\"script\");\n        for (var i = scripts.length; i--; ) {\n            if (scripts[i].src == url) {\n                jsFound = 1;\n            }\n        }\n        if (!jsFound) {\n            var headTag = document.getElementsByTagName(\"head\")[0];\n            var jqTag = document.createElement(\"script\");\n            jqTag.type = \"text\/javascript\";\n            jqTag.src = url;\n            jqTag.onload = \"\";\n            headTag.appendChild(jqTag);\n        }\n    }\n    isMyScriptLoaded();\n<\/script>"}},"gift-card-banner":{"type":"gift-card-banner","settings":{"bg_img":"shopify:\/\/shop_images\/Rectangle_71.png","title":"Gift Card","img_one":"shopify:\/\/shop_images\/image2.png","img_two":"shopify:\/\/shop_images\/image.png","img_three":"shopify:\/\/shop_images\/Ellipse_27a.png"}}},"content_for_index":[],"blocks":{"10004392781266402770":{"type":"shopify:\/\/apps\/neon-sign-customiser\/blocks\/neon-customiser-embed\/29c3b558-f454-440f-b53e-26c5e867a515","disabled":false,"settings":{"scroll_order":false,"height":100,"height_reduction":0,"height_reduction_mobile":0,"price_box_options":"bottom","rtl":false}},"855628211100114053":{"type":"shopify:\/\/apps\/klaviyo-email-marketing-sms\/blocks\/klaviyo-onsite-embed\/2632fe16-c075-4321-a88b-50b567f42507","disabled":false,"settings":{}},"2445997730106165781":{"type":"shopify:\/\/apps\/form-builder-with-file-upload\/blocks\/aaa-formbuilder\/a9d83d51-eeab-4f84-a43c-3a25e8368401","disabled":false,"settings":{}}}},"presets":{"Boho":{"font-color":"#656565","link-color":"#656565","active-link-color":"#E3E3E3","bg_color":"#ffffff","header-background-color":"#ffffff","header-text-color":"#656565","header-overlay-text-color":"#ffffff","sticky-header-background-color":"#ffffff","sticky-header-text-color":"#656565","sidebar-navigation--background-color":"#656565","sidebar-navigation--text-color":"#ffffff","footer-background-color":"#656565","footer-text-color":"#ffffff","add-to-cart-background-color":"#656565","add-to-cart-background-hover-color":"#797979","add-to-cart-text-color":"#ffffff","pop-up-background-color":"#656565","pop-up-text-color":"#ffffff","colorSchemeLightBackground":"#F3F3F3","colorSchemeLightText":"#656565","colorSchemeFeatureBackground":"#757575","colorSchemeFeatureText":"#ffffff","colorSchemeDarkBackground":"#333333","colorSchemeDarkText":"#F3F3F3","color_image_overlay_text":"#ffffff","color_image_overlay":"#333333","image_overlay_opacity":50,"sale-label-color":"#E3E3E3","sale-label-text-color":"#333333","sold-out-badge-color":"#656565","sold-out-badge-text-color":"#ffffff","type_header_font":"fs_kim_n4","heading-case":"none","heading--base-size":"small","subheading--font":"fs_siena_n4","subheading--case":"uppercase","type_base_font":"univers_next_n4","typography-body-font-size":16,"navigation--font":"subheading","navigation--capitalize":true,"buttons--font":"subheading","buttons--capitalize":true,"cart-type":"drawer","cart-action":"drawer","allow_note":true,"enable_terms_conditions":true,"terms_conditions_link":"shopify:\/\/policies\/terms-of-service","image_swatch_option":"Color","hover-effect":"second-image","product-grid":"square","popup--enable":true,"predictive_search_show_price":true,"animations_enabled":true,"popup--show-social-icons":false},"Soak":{"font-color":"#585858","link-color":"#585858","active-link-color":"#828282","header-text-color":"#585858","sticky-header-background-color":"#f7f7f7","sticky-header-text-color":"#585858","sidebar-navigation--background-color":"#585858","footer-background-color":"#EEEEEE","footer-text-color":"#585858","add-to-cart-background-color":"#585858","add-to-cart-background-hover-color":"#828282","pop-up-background-color":"#fff","pop-up-text-color":"#585858","colorSchemeLightBackground":"#EEEEEE","colorSchemeLightText":"#585858","colorSchemeFeatureBackground":"#767676","colorSchemeDarkBackground":"#585858","colorSchemeDarkText":"#EEEEEE","color_image_overlay":"#585858","image_overlay_opacity":0,"sale-label-color":"#585858","sale-label-text-color":"#FFFFFF","sold-out-badge-color":"#585858","type_header_font":"harmonia_sans_n4","heading-case":"lowercase","heading--base-size":"normal","subheading--font":"din_neuzeit_grotesk_n7","subheading--case":"none","type_base_font":"harmonia_sans_n4","typography-body-font-size":16,"navigation--font":"body","navigation--capitalize":false,"buttons--font":"body","buttons--capitalize":false,"cart-type":"drawer","cart-action":"drawer","allow_note":true,"enable_terms_conditions":true,"image_swatch_option":"Color","hover-effect":"second-image","product-grid":"square","predictive_search_show_price":true,"animations_enabled":true},"Play":{"font-color":"#363636","link-color":"#363636","active-link-color":"#363636","header-text-color":"#363636","sticky-header-text-color":"#363636","sidebar-navigation--background-color":"#F3F3F3","sidebar-navigation--text-color":"#363636","footer-background-color":"#F3F3F3","footer-text-color":"#363636","add-to-cart-background-color":"#363636","add-to-cart-background-hover-color":"#8A8989","colorSchemeLightBackground":"#F3F3F3","colorSchemeLightText":"#363636","colorSchemeFeatureBackground":"#757575","colorSchemeFeatureText":"#FFFFFF","colorSchemeDarkBackground":"#363636","colorSchemeDarkText":"#F3F3F3","color_image_overlay":"#363636","image_overlay_opacity":15,"sale-label-color":"#363636","sale-label-text-color":"#FFFFFF","sold-out-badge-color":"#363636","type_header_font":"gill_sans_nova_n4","heading-case":"uppercase","heading--base-size":"normal","subheading--font":"gill_sans_nova_n4","type_base_font":"neuzeit_office_n4","typography-body-font-size":15,"navigation--font":"subheading","navigation--capitalize":true,"buttons--font":"subheading","buttons--capitalize":true,"cart-type":"drawer","cart-action":"drawer","allow_note":true,"enable_terms_conditions":true,"enable_store_pickup":false,"image_swatch_option":"Color","hover-effect":"second-image","product-grid":"square","popup--enable":true,"pop-up-background-color":"#ffffff","pop-up-text-color":"#363636","predictive_search_show_price":true,"animations_enabled":true},"Charm":{"font-color":"#242424","link-color":"#242424","active-link-color":"#242424","sold-out-badge-color":"#242424","header-background-color":"#ffffff","header-text-color":"#2e2e2e","sticky-header-background-color":"#ffffff","sticky-header-text-color":"#2e2e2e","sticky-header-border-color":"#f0f0f0","footer-background-color":"#242424","footer-text-color":"#ffffff","bg_color":"#ffffff","colorSchemeDarkBackground":"#2E2E2E","add-to-cart-background-color":"#242424","add-to-cart-background-hover-color":"#3a3a3a","add-to-cart-text-color":"#ffffff","color_image_overlay":"#242424","image_overlay_opacity":10,"sale-label-text-color":"#FFFFFF","type_header_font":"itc_galliard_n4","heading-case":"none","heading--base-size":"normal","subheading--font":"neue_haas_unica_n4","subheading--case":"none","type_base_font":"neue_haas_unica_n5","typography-body-font-size":15,"navigation--font":"body","navigation--capitalize":false,"buttons--font":"body","buttons--capitalize":false,"cart-type":"drawer","cart-action":"drawer","allow_note":true,"enable_terms_conditions":true,"image_swatch_option":"Material","hover-effect":"zoom","product-grid":"square","pop-up-background-color":"#fff","pop-up-text-color":"#242424","animations_enabled":true}}}